,song,genre,duration,tempo,tempo_changes,tempo_confidence,sub_strength,bass_strength,lomid_strength,mid_strength,himid_strength,pres_strength,brill_strength,mean_RMS,std_RMS,spectral_centroid,spectral_bandwidth,band 0_contrast,band 1_contrast,band 2_contrast,band 3_contrast,mean_flatness,peak_flatness,rolloff(0.5),tuning
0,2-18 Adagio In G Minor.wav,classical,403.56,123.046875,0.8400460299194477,0.4377445339470656,-69.93775177001953,-46.46623992919922,-46.36203384399414,-59.90202713012695,-66.95272827148438,-73.09331512451172,-78.26554870605469,0.046039242297410965,0.02494514361023903,1229.3541541722814,1369.2161699229298,28.187134382676103,21.64655184520976,25.890672566789757,48.48106803704584,0.011588577181100845,0.01037952583283186,749.916100189244,0.14
1,"1-22 Symphony No. 94 In G Major, Hob.wav",classical,183.80512471655328,112.34714673913044,0.631632137443153,0.4499747347145023,-56.92328643798828,-45.88745880126953,-45.84320068359375,-55.35963821411133,-61.40384292602539,-68.16378784179688,-75.8918228149414,0.02254333905875683,0.02348850667476654,1636.9665767534732,1768.9988186775327,23.41240898208062,18.339225701974954,22.74877308452677,44.08007143397352,0.006729378364980221,0.05855613201856613,1026.5864822827186,0.43000000000000005
2,2-47 3 Gymnopédies_ Gymnopedie No.3.wav,classical,136.94222222222223,95.703125,1.1698880976602237,0.17514411664971177,-48.28483581542969,-35.85343933105469,-40.22624206542969,-65.6402587890625,-78.79096984863281,-79.91134643554688,-79.98966979980469,0.042877525091171265,0.02533501200377941,458.53228484981724,813.8009458689613,26.59639198566297,18.7810458329284,24.571071749358687,42.21872547557559,0.011040737852454185,0.0002704689104575664,288.3945034333672,0.040000000000000036
3,1-48 Symphony No. 5 In C Sharp Minor.wav,classical,724.2121541950113,123.046875,0.6700865662071177,0.5152292401410709,-41.22982406616211,-48.095157623291016,-49.47910690307617,-60.458160400390625,-65.08671569824219,-72.12100982666016,-77.42733764648438,0.011033862829208374,0.010037838481366634,1456.7668306750866,1750.4240096932085,17.313058415852794,19.63996977651128,24.05959596975594,42.004957231514304,0.002411151770502329,0.02678755111992359,777.9385693969922,0.050000000000000044
4,2-21 Symphonies de Fanfares_ Rondeau.wav,classical,110.66630385487528,161.4990234375,0.5244388504300398,0.6784140969162996,-54.41790008544922,-39.528472900390625,-38.383758544921875,-42.1021614074707,-50.61245346069336,-57.90304183959961,-66.30885314941406,0.0358143076300621,0.01912917196750641,2234.1558233611922,2030.1820878153458,20.525741246415425,17.798759576481206,19.99735377598694,44.73360880576273,0.012057271786034107,0.08175311982631683,1601.0774452780836,0.06000000000000005
5,2-28 Symphonie Espagnole In D Minor.wav,classical,484.12444444444446,112.34714673913044,0.8393285371702638,0.33127098321342924,-64.18807220458984,-47.33542251586914,-43.88850021362305,-52.73133087158203,-62.2747688293457,-70.26697540283203,-74.30857849121094,0.04091593250632286,0.03137636557221413,1746.4117330260522,1896.4700359931267,23.537399395059776,17.524957341122352,21.115912118820763,43.31578894863995,0.0035711966920644045,0.0673418715596199,1044.3076804181655,0.14
6,2-34 Sylvia_ Procession of Bacchus.wav,classical,355.7703401360544,117.45383522727273,0.6722360005221251,0.37984597311055995,-48.33399200439453,-37.6579704284668,-38.8637809753418,-46.931846618652344,-53.5204963684082,-61.52291488647461,-70.12862396240234,0.06382647156715393,0.04467201977968216,1823.8417859561353,1894.7978003023786,21.101600131970116,15.079931700920955,19.41441243937385,42.88585709796439,0.011397240683436394,0.15577682852745056,1155.2882497389376,0.16000000000000003
7,2-46 The Sorcerer's Apprentice.wav,classical,692.5119274376417,117.45383522727273,0.6940486169321038,0.24087175188600168,-61.627471923828125,-49.71708679199219,-47.31482696533203,-56.78411865234375,-63.08967590332031,-67.46517944335938,-73.0727767944336,0.028490867465734482,0.028796182945370674,2045.8704985223062,2154.334100957412,20.436364116915357,15.24871349126467,20.102135491259272,40.41136681323574,0.01069624349474907,0.13899365067481995,1247.6543656354777,0.07000000000000006
8,"1-12 Solomon, HWV 67 (arr. for Organ.wav",classical,193.48027210884354,117.45383522727273,0.5280211208448338,0.5574222968918757,-40.53841781616211,-37.20057678222656,-38.81608581542969,-50.26788330078125,-61.04845428466797,-70.64784240722656,-77.49128723144531,0.029685264453291893,0.011642467230558395,1244.0838310145093,1435.2157325472801,18.858562165473668,17.46083160119961,24.786223058730826,47.49738272692666,0.0024496084079146385,0.005327439401298761,693.9050804219669,-0.08000000000000002
9,"2-02 Slavonic Dances, Op. 46, No.8 I.wav",classical,222.58648526077098,107.666015625,0.761447793887556,0.42453322207155525,-43.685604095458984,-35.2564811706543,-35.97946548461914,-46.798553466796875,-57.220909118652344,-64.75141906738281,-70.24331665039062,0.060413658618927,0.048008084297180176,1586.0138943024847,1838.0743892332102,18.81623354551786,14.03846511593893,18.21616705197022,43.27345640937121,0.013187876902520657,0.17266146838665009,916.5795345829639,0.26
10,2-41 The Snow Maiden (_Snegurochka_).wav,classical,222.2207709750567,143.5546875,0.42837739003238945,0.6435064256608505,-48.46489715576172,-41.694515228271484,-42.465721130371094,-52.305328369140625,-60.01032638549805,-67.32057189941406,-75.16558837890625,0.041506558656692505,0.037256594747304916,1527.0747359410104,1712.954552680544,18.62566175728062,15.665195113515516,18.960540033003433,42.9856168545844,0.005307374522089958,0.08443322032690048,855.8025219412809,0.13
11,"1-49 Romeo and Juliet, Suite No. 2 f.wav",classical,322.37650793650795,112.34714673913044,0.8859118409680208,0.2154278305963699,-60.18632888793945,-46.66238021850586,-47.647666931152344,-57.4367790222168,-65.23825073242188,-70.72811889648438,-75.40962219238281,0.04510556906461716,0.04483648017048836,1555.086371509721,1813.0715565173225,27.57578243408102,17.818182282590197,21.601084842834606,42.6723056714837,0.007888923399150372,0.0834895521402359,875.1244811220424,0.050000000000000044
12,1-50 Rhapsody On a Theme By Paganini.wav,classical,171.740589569161,123.046875,1.216709476814925,0.19115857780181156,-61.185211181640625,-42.27016067504883,-41.33702850341797,-55.36099624633789,-66.2601547241211,-72.12919616699219,-76.68380737304688,0.020814258605241776,0.019333412870764732,1150.8817444377703,1487.1386153116528,23.876817155085934,17.710536088501048,22.40109713082576,44.20199226508842,0.001303367898799479,0.015904724597930908,598.9575291028035,0.050000000000000044
13,1-42 Prelude a L'apres-Midi D'un Fau.wav,classical,569.2604081632653,123.046875,0.8810213321368845,0.3955622629196068,-57.39955139160156,-49.99803924560547,-45.149497985839844,-56.51746368408203,-67.833984375,-74.49490356445312,-78.16607666015625,0.03568403795361519,0.033933743834495544,1176.1328710279977,1305.7807592783333,18.48780669806276,18.399498957438112,23.4418020819742,48.03175904906848,0.0036828366573899984,0.019310934469103813,747.7292143589142,0.20999999999999996
14,2-43 Requiem_ Pie Jesu.wav,classical,185.17913832199545,129.19921875,0.9653961885656971,0.3352557673019057,-78.58518981933594,-53.309444427490234,-51.094581604003906,-60.62041091918945,-69.39669799804688,-78.62574005126953,-79.8500747680664,0.06544018536806107,0.058726489543914795,1183.1649764088938,1137.4431267988227,32.17559314740919,17.381010283747724,25.30879136454269,54.953817011432626,0.00034536223392933607,0.017294518649578094,804.584787076072,0.33000000000000007
15,1-30 Piano Sonata No. 2 In B Flat Mi.wav,classical,544.7008163265306,112.34714673913044,1.3896585532205123,0.10375548829873396,-71.02803802490234,-42.86161422729492,-42.549861907958984,-61.296775817871094,-74.52716827392578,-78.12577056884766,-79.79849243164062,0.02644835226237774,0.02656937949359417,662.0701210838015,829.8350669861686,26.097265964645757,19.160114928039466,22.919134867239137,48.480977548780615,0.0004392204573377967,0.007260516751557589,422.52451355456594,-0.06
16,2-37 Pictures At an Exhibition (Arr..wav,classical,324.2354648526077,123.046875,0.9596104268118019,0.363506158693784,-50.97941589355469,-38.67067337036133,-38.515594482421875,-48.02239227294922,-57.04722213745117,-63.34562301635742,-70.0609359741211,0.060924746096134186,0.04312406852841377,1638.399514668709,1768.727294411022,19.79608488295373,16.105966679305915,20.72268528174318,43.3217323228895,0.011586601845920086,0.34078699350357056,1043.1436731561962,0.06000000000000005
17,2-16 Music for the Funeral of Queen.wav,classical,96.31637188208617,123.046875,0.9640877319836104,0.3641841407568089,-67.74597930908203,-54.05767822265625,-50.200439453125,-54.11927795410156,-68.5132064819336,-76.09221649169922,-79.47469329833984,0.07993176579475403,0.07300034165382385,1190.0316634787955,1146.606431523202,21.88006972770192,22.840574370376242,26.545241473158228,50.24498394425797,0.0036540767177939415,0.06278964132070541,861.7277530165401,-0.19
18,2-17 Oboe Concerto In D Minor_ II. A.wav,classical,221.3790476190476,129.19921875,0.9229155742003146,0.34042999475616154,-58.52128219604492,-59.71747589111328,-50.60722351074219,-55.71915817260742,-62.86323165893555,-73.7837142944336,-79.578369140625,0.057133130729198456,0.029693342745304108,1476.1596309117988,1268.817379670755,17.98996013468625,22.39585145537134,26.96176090323401,52.66337744311136,0.0008443945553153753,0.0027340080123394728,1148.809372132276,0.21999999999999997
19,"1-35 Marche Slave In B Flat Major, O.wav",classical,524.4575056689342,117.45383522727273,0.5002877761544251,0.38393766325762607,-46.46726989746094,-37.21030044555664,-41.941043853759766,-50.75886535644531,-58.24549865722656,-64.67233276367188,-71.97761535644531,0.04721065238118172,0.04009045660495758,1542.4347031511047,1720.8527297959336,18.789991680821693,14.811253820036127,18.50007646478957,43.02040487664815,0.009326061233878136,0.2876947224140167,945.9551290997725,0.16000000000000003
20,2-07 Magnificat.wav,classical,149.22666666666666,123.046875,0.7624085887661428,0.39909755718064416,-60.220218658447266,-54.46146011352539,-39.41913604736328,-51.78083419799805,-59.283119201660156,-72.35053253173828,-76.23796081542969,0.043319642543792725,0.031407617032527924,1455.6580141098339,1630.9388492199726,21.98101834477821,18.146287253032536,22.080693713047456,44.02246255632879,0.005682119634002447,0.15088705718517303,796.678259199471,0.43000000000000005
21,"2-39 Lyric Suite, Op. 54_ III. Nottu.wav",classical,249.1501133786848,129.19921875,0.7734600689590905,0.42251421116391763,-54.32356262207031,-46.70280075073242,-45.855140686035156,-58.82661437988281,-64.9075698852539,-68.9016342163086,-73.73310852050781,0.015304209664463997,0.01534687727689743,1722.9101129161993,2002.435425301835,20.911392404704863,18.425134275320914,24.242101047981098,40.681711727244945,0.007016728166490793,0.039650674909353256,985.5950342465753,0.22999999999999998
22,2-49 Liebesfreud.wav,classical,229.78467120181406,103.359375,1.1720723451550974,0.17803374760028293,-75.9210433959961,-51.53746032714844,-45.93527603149414,-59.204097747802734,-67.761962890625,-74.50625610351562,-77.88856506347656,0.04991814121603966,0.03588124364614487,1371.8173449163767,1516.1114593667949,26.900294164280908,16.72518319429877,24.23489526071585,49.70102306292608,0.001453059259802103,0.06603843718767166,765.1858650940626,0.10999999999999999
23,1-31 Kinderszenen (Scenes from Child.wav,classical,179.72956916099773,112.34714673913044,1.253068079059553,0.13228265082030746,-66.61573028564453,-43.562705993652344,-45.683746337890625,-67.24799346923828,-79.29194641113281,-79.98855590820312,-79.999267578125,0.02724306844174862,0.01813828945159912,621.83327939655,996.4840504989904,26.404948405190183,19.449610387903412,25.28986889604512,41.86274206679543,0.0009133228450082242,0.0008676732541061938,402.902614730009,0.18000000000000005
24,2-32 La Gioconda_ Dance of the Hours.wav,classical,526.0596825396825,151.99908088235293,0.8342161016949153,0.2075829802259887,-53.22575378417969,-51.81927490234375,-51.55806350708008,-60.3689079284668,-68.34111022949219,-74.58120727539062,-78.18328094482422,0.023872418329119682,0.03518136963248253,1299.2216277348637,1489.200807133548,18.38314219236846,16.871371773580066,21.69476941235069,46.10095777024944,0.0014103036373853683,0.05361577495932579,773.5995211843717,0.13
25,"1-11 Judas Maccabaeus_ See, the Conq.wav",classical,339.7892063492063,135.99917763157896,0.7790077900779008,0.24238075714090473,-45.98246383666992,-47.237857818603516,-41.744937896728516,-49.090980529785156,-58.893741607666016,-69.76329040527344,-74.8717041015625,0.053275588899850845,0.035932641476392746,1348.823739428784,1571.2166969592236,20.202999184984282,17.572078574523633,23.01816498394092,45.39813329517014,0.0028886953368782997,0.024364812299609184,773.8768930658057,0.27
26,2-12 In Nomine for 5 Viols In D Mino.wav,classical,211.87201814058957,123.046875,0.6246575342465753,0.5378630136986301,-53.227542877197266,-41.12562942504883,-41.05921936035156,-51.91521453857422,-60.671966552734375,-68.94038391113281,-75.95143127441406,0.057622458785772324,0.0246717669069767,1583.3306346814352,1734.3139036769678,26.731703768800664,20.912397274275406,26.320570246116038,45.84755031909898,0.003322293283417821,0.010731271468102932,953.4135407748288,0.040000000000000036
27,"1-27 Impromptus, Op. 90, No. 4 In a.wav",classical,427.5091156462585,123.046875,0.9124484032152944,0.194818596567456,-60.237247467041016,-42.7203483581543,-44.53908920288086,-60.11355972290039,-74.40070343017578,-78.60246276855469,-79.8309555053711,0.04962066560983658,0.03656793013215065,770.3979491995068,912.9475706182226,22.534880505924917,18.228415132195252,23.72842451921519,48.856286411250245,0.002041137544438243,0.0033398084342479706,579.9439404753015,0.13
28,2-44 Idyll for String Orchestra_ V..wav,classical,195.2841723356009,123.046875,0.6895731779812151,0.5309713470455356,-60.077186584472656,-54.00552749633789,-50.94083786010742,-63.46060562133789,-70.45735168457031,-75.2057113647461,-78.59711456298828,0.02211068756878376,0.018299508839845657,1365.5911492448527,1728.9068728514299,19.48890482933422,22.33867409755649,25.106245179052262,45.09885592113115,0.0014490906614810228,0.01148342527449131,640.8771257737263,0.18000000000000005
29,1-32 Hungarian Rhapsody No. 2.wav,classical,586.3308843537415,112.34714673913044,0.887058450815777,0.2033106288610803,-57.99059295654297,-55.3337516784668,-57.053001403808594,-64.88861846923828,-70.72077941894531,-75.21089935302734,-78.24079895019531,0.02249900996685028,0.027685295790433884,1395.4438730197453,1566.2573833767447,17.866771263518793,17.04609890812774,21.345451764113573,44.34436718424972,0.004707348067313433,0.059606101363897324,835.0997762862843,0.13
30,"2-04 Finlandia, Op .26.wav",classical,450.6064399092971,129.19921875,0.8759725872108002,0.37033029319317773,-52.578369140625,-42.15913772583008,-43.088714599609375,-54.14622497558594,-63.91950988769531,-71.57066345214844,-76.9377212524414,0.05013066157698631,0.039951570332050323,1221.1066794201781,1421.1705107575026,19.924206742548066,16.792826674909342,20.233915827410847,46.32979463740699,0.00439708586782217,0.1743118166923523,698.467673199828,0.14
31,2-13 Fantasy for 5 Viols In D Minor.wav,classical,196.07469387755103,123.046875,0.4854943753700414,0.5291888691533452,-52.846527099609375,-45.15460968017578,-42.499610900878906,-52.45266342163086,-61.27197265625,-67.92659759521484,-75.051513671875,0.056676194071769714,0.026655161753296852,1681.1312008811751,1831.3939653507716,24.599864963058454,22.402650576855454,26.05446532220486,44.64146939631873,0.004380777478218079,0.016491921618580818,1037.0079547346802,0.07000000000000006
32,"2-35 Estudiantina Waltz, Op. 191.wav",classical,311.5508390022676,99.38401442307692,0.7527202265613355,0.39946340736324343,-50.99372863769531,-42.90031433105469,-44.428863525390625,-54.05034255981445,-62.705169677734375,-67.45109558105469,-74.6528091430664,0.03932264819741249,0.030429009348154068,1705.3218203530805,1926.5472846683613,18.746409660778507,15.180597169801292,19.851024044939276,42.53315442171765,0.007207891438156366,0.10243891924619675,956.1180297833367,0.13
33,2-38 España.wav,classical,397.64,117.45383522727273,0.39124087591240875,0.5654306569343066,-51.17971420288086,-47.27847671508789,-45.52876281738281,-55.854061126708984,-64.7623519897461,-71.30233764648438,-76.23844146728516,0.04610322043299675,0.04352449253201485,1405.3017339381834,1628.4177764498934,17.683241855356165,15.701357006013438,19.815591927938947,44.29218324110986,0.004463369492441416,0.06399921327829361,796.1306155907847,0.15000000000000002
34,2-50 El Amor Brujo_ Ritual Fire Danc.wav,classical,221.91310657596372,143.5546875,0.6277463904582549,0.4471646788030969,-52.83273696899414,-39.546302795410156,-41.77286148071289,-51.577125549316406,-59.86750793457031,-66.78250122070312,-73.152099609375,0.05192020535469055,0.04499555751681328,1636.5917763471607,1772.8820161760136,23.089317863030217,15.42644546139087,20.095416995680715,44.26035281979172,0.006979250814765692,0.08603834360837936,998.632145825977,0.21999999999999997
35,1-34 Der Rosenkavalier_ Waltz.wav,classical,200.99891156462584,123.046875,1.02806977012822,0.3949405105694813,-59.85596466064453,-51.00271224975586,-44.30757141113281,-52.15806579589844,-60.150943756103516,-66.75404357910156,-74.09270477294922,0.057875856757164,0.041580043733119965,1800.445045162931,1816.33494246269,19.930421438107775,16.8948823600427,21.770098490083285,44.61335488348903,0.003887029830366373,0.04237718507647514,1169.6357366600005,0.07000000000000006
36,1-38 Die Meistersinger Von Nürnberg_.wav,classical,408.5273469387755,123.046875,0.6593156757985676,0.5106854609525975,-67.59480285644531,-45.692527770996094,-40.79167938232422,-54.721466064453125,-64.50711059570312,-71.87042999267578,-78.20157623291016,0.05736911669373512,0.03647454082965851,1269.3780362896975,1401.4038130378003,24.287035013770563,19.3243117024362,23.327781270180125,44.01187763673521,0.0012114897835999727,0.01322244107723236,797.518539645529,0.35
37,"2-30 Egyptian March, Op. 335.wav",classical,244.39133786848072,107.666015625,0.42751282538476154,0.4447083412502375,-47.337799072265625,-39.130760192871094,-39.770164489746094,-50.74723815917969,-58.66292953491211,-63.784000396728516,-70.1751708984375,0.04686060920357704,0.03535856679081917,1676.542949579616,1984.135299784487,18.80780795813962,14.755377437652688,19.28025578599664,39.732588134715705,0.009997992776334286,0.11761830002069473,902.2291412150568,0.24
38,"1-43 Daphnis Et Chloé, Suite No. 2_.wav",classical,272.22902494331066,129.19921875,0.861480723302627,0.31380075059706586,-53.40301513671875,-37.06279754638672,-38.00449752807617,-47.00742721557617,-57.01329040527344,-64.71890258789062,-72.06558227539062,0.03892882168292999,0.03425895422697067,1570.7513870898983,1755.9112630970944,21.856727274826483,13.823799292510676,17.470746532488832,42.706382360283975,0.008609037846326828,0.13699230551719666,923.5988277251791,0.07000000000000006
39,2-25 Der Freischütz_ Overture.wav,classical,565.4813605442176,112.34714673913044,0.7514166050751417,0.2700583066436725,-53.983436584472656,-46.05620193481445,-42.89459991455078,-54.40846633911133,-63.754791259765625,-70.58610534667969,-75.79109954833984,0.09053412824869156,0.07782763242721558,1299.2070763852535,1510.2084588602288,17.39933930273586,17.646779619087194,22.104194513751512,46.06437839408479,0.0029693797696381807,0.051920920610427856,740.9326388407706,0.14
40,2-20 Concerto for Harp and Orchestra.wav,classical,641.1093424036281,99.38401442307692,0.905436239180037,0.16866466263445729,-65.19221496582031,-52.8735466003418,-47.15561294555664,-62.401611328125,-72.3966064453125,-77.15034484863281,-79.3167724609375,0.05921274051070213,0.04614870995283127,994.2068582025638,1261.7995378109547,21.95014233904898,18.306283510545494,23.099307623326606,46.56588589989765,0.0005711539997719228,0.0220477394759655,568.6435343151846,0.41000000000000003
41,2-26 The Damnation of Faust_ Hungari.wav,classical,271.16263038548755,99.38401442307692,0.5051802380340783,0.5128863772583269,-45.26909255981445,-38.87452697753906,-38.39578628540039,-46.44282531738281,-55.05986022949219,-64.04208374023438,-71.297119140625,0.06333667784929276,0.051321350038051605,1621.61237604103,1709.400753891636,18.248463970736644,15.516358728770443,20.31271654263342,44.43927517432876,0.008720256388187408,0.15654772520065308,1034.8392058361965,0.07000000000000006
42,1-05 Concerto for 2 Oboes and 2 Clar.wav,classical,273.1093424036281,112.34714673913044,0.46760754973643937,0.6105254208467947,-63.39580154418945,-48.86822509765625,-46.48908996582031,-50.393714904785156,-58.9863395690918,-68.81053161621094,-77.48915100097656,0.07315666228532791,0.04636099562048912,1618.2179434764319,1465.3437623648408,24.661881142990588,18.27892261756063,23.083661522136957,51.41417626719346,0.0025794345419853926,0.02112332172691822,1178.6691749649294,0.14
43,"1-18 Clarinet Concerto In a Major, K.wav",classical,468.50902494331064,123.046875,0.8623253047873922,0.4280899990088215,-62.19307327270508,-51.280433654785156,-50.5703010559082,-61.00980758666992,-68.0686264038086,-75.57209014892578,-79.23332977294922,0.04181278869509697,0.0368044339120388,1136.6654954295145,1309.2672438733605,22.804078591197868,21.236170915353796,27.65810636879866,47.4466653602308,0.0005882731056772172,0.011899512261152267,648.6682684266281,0.20999999999999996
44,2-33 Carnival of the Animals_ XIII..wav,classical,188.2861678004535,117.45383522727273,1.0482180293501049,0.3492415834258232,-56.40279769897461,-47.626495361328125,-51.55791091918945,-68.9809341430664,-75.14865112304688,-79.0037612915039,-79.6222915649414,0.030676530674099922,0.026478758081793785,923.0811101019477,1362.1731665718155,23.366521895490813,19.411643532658193,24.08496441851346,42.9350569005623,0.0030104867182672024,0.004638717044144869,406.8763656700888,0.15000000000000002
45,1-01 Brandenburg Concerto No. 3 In G.wav,classical,400.2842630385488,112.34714673913044,0.5162712454318696,0.517373397528859,-53.954444885253906,-35.398597717285156,-35.391815185546875,-47.00273895263672,-54.916996002197266,-62.77040100097656,-71.08472442626953,0.07523715496063232,0.031408317387104034,1596.8425151087326,1896.0615453710336,24.466925418995096,17.378711118634513,22.14648228816614,42.50390032340218,0.003544810926541686,0.031976282596588135,797.7477797209452,0.17000000000000004
46,2-14 Canon In D Major.wav,classical,351.9912925170068,117.45383522727273,0.7717678100263853,0.42381266490765174,-67.43910217285156,-39.592262268066406,-38.47467041015625,-48.71419143676758,-57.779396057128906,-69.14012908935547,-77.8218002319336,0.04387049376964569,0.02027362771332264,1325.95592785278,1331.619134813785,28.40347523779662,18.997299460085088,23.359293244992735,52.74164124405453,0.001518657198175788,0.0027845012955367565,835.3753597692323,0.17000000000000004
47,2-36 Carmen Suite No. 1_ Les Toreado.wav,classical,142.59201814058957,117.45383522727273,0.26054388536069045,0.42810617163328446,-70.44464874267578,-41.355873107910156,-38.759132385253906,-48.1746826171875,-57.817535400390625,-65.21693420410156,-71.42340850830078,0.06854911893606186,0.034659143537282944,1796.784894735926,1934.0100328902622,28.07268287884686,14.471558122203412,18.88477571892779,41.877471789664526,0.011590211652219296,0.12584225833415985,1088.6399947903944,0.07000000000000006
48,1-24 Bagatelle for Piano In A Minor.wav,classical,166.3536507936508,151.99908088235293,1.01884159106769,0.35826936496859735,-69.54756927490234,-47.093379974365234,-46.7672119140625,-63.2879638671875,-78.21760559082031,-79.89283752441406,-79.996337890625,0.027357593178749084,0.017491981387138367,634.7754073729841,705.1912290698275,24.955602416452937,16.884687615064415,24.693184585251718,48.98420805373131,0.001750555238686502,0.002616246696561575,497.75058402935275,0.17000000000000004
49,"2-08 Ah, Silly Soul.wav",classical,199.39020408163265,129.19921875,0.8965999068467629,0.34047508150908246,-55.48308181762695,-50.96989059448242,-46.858211517333984,-56.71880340576172,-63.78101348876953,-73.26048278808594,-77.8410415649414,0.09182911366224289,0.06771694123744965,1500.2383083378954,1565.378394226434,23.847971255413025,22.150332346915963,28.150446141137504,47.61019482635988,0.002942486898973584,0.10846979171037674,949.7050242252998,0.020000000000000018
50,09 Antidote.wav,hiphop,262.70521541950114,129.19921875,0.5214778150963408,0.6321371751811914,-35.728294372558594,-38.32691192626953,-41.165008544921875,-45.858253479003906,-57.36224365234375,-61.0026741027832,-62.857479095458984,0.3284623920917511,0.17404381930828094,2123.9452544707756,2444.9279170147306,20.408228389180668,15.455315949297008,18.416590682824054,36.41616393476243,0.014603816904127598,0.3767387568950653,1177.18618499826,0.010000000000000009
51,01 Where The Hood At_.wav,hiphop,292.41333333333336,92.28515625,0.6908051453072892,0.7414641892964904,-45.129638671875,-34.268646240234375,-36.22901153564453,-39.242279052734375,-47.2042236328125,-51.020904541015625,-57.176509857177734,0.34744006395339966,0.1458175927400589,2494.50847318161,2529.7998703474177,20.889124990267973,14.498728660912027,16.7927924016095,33.79531369418269,0.059092842042446136,0.3260350823402405,1545.5253931838822,0.050000000000000044
52,11 Window Shopper.wav,hiphop,190.30666666666667,86.1328125,0.14641288433382138,0.9177647632991703,-37.414581298828125,-28.807546615600586,-33.43407440185547,-42.7856559753418,-48.28618621826172,-54.972808837890625,-57.441505432128906,0.2636451721191406,0.11131143569946289,2397.189574591832,2689.6524549193914,22.604465566775616,16.245803596913156,19.169653829471955,34.05389885611036,0.023864980787038803,0.2847934067249298,1325.794797481241,0.010000000000000009
53,01 Truffle Butter [feat. Drake] [Exp.wav,hiphop,219.24,103.359375,0.08472781190425757,0.9763821224316882,-27.94005584716797,-32.68989944458008,-37.77203369140625,-45.42994689941406,-51.78839874267578,-53.47870635986328,-58.48386764526367,0.28464534878730774,0.09564346820116043,2398.6790840115373,2670.1360950673325,22.489531054001866,18.016699655852943,19.855629029402234,34.61461704112261,0.022369952872395515,0.3124672472476959,1417.161627609683,0.020000000000000018
54,01 Watch Out.wav,hiphop,207.81333333333333,129.19921875,0.6145251396648044,0.6911731843575419,-69.99274444580078,-60.719703674316406,-50.937313079833984,-55.032432556152344,-59.46563720703125,-70.50318145751953,-70.83271026611328,0.1626407355070114,0.13699226081371307,2233.076519064897,2128.6933987233697,22.486804253521292,19.039312975722478,21.736457531766945,38.88599466162979,0.018260018900036812,0.32997825741767883,1560.0613188503842,0.030000000000000027
55,03 Touch the Sky (Featuring Lupe Fia.wav,hiphop,236.6,107.666015625,0.4023552502453386,0.8516192345436703,-31.841693878173828,-28.582439422607422,-36.9411735534668,-44.2234001159668,-48.95237350463867,-53.157901763916016,-55.07523727416992,0.3181053102016449,0.12066537886857986,2863.795911151097,2937.1427093081966,19.439608992455433,14.711051227529687,17.388385851871845,31.699305113219832,0.03456846624612808,0.33481425046920776,1803.4744397463812,-0.33999999999999997
56,04 Throw Some D's (feat. Polow Da Do.wav,hiphop,263.92,161.4990234375,0.6246151139262779,0.5922406967537609,-39.30481719970703,-34.20177459716797,-40.097572326660156,-47.29857635498047,-51.16436767578125,-54.00893783569336,-59.496490478515625,0.2614549994468689,0.13206854462623596,2578.2261822960113,2721.7254591194087,22.206603135781588,15.508701826283612,20.22351202230396,33.14886025767523,0.02548160031437874,0.3409329056739807,1531.715065660877,0.07999999999999996
57,1-03 THat Part (feat. Kanye West).wav,hiphop,313.56,112.34714673913044,0.2517772511848341,0.8643364928909952,-39.319313049316406,-38.767730712890625,-43.21138381958008,-52.61293029785156,-60.603729248046875,-63.32565689086914,-67.51757049560547,0.2370276004076004,0.11402381956577301,1940.3966608016092,2245.6089419518116,24.246265695765764,15.962616150748383,20.685453512589003,39.982741190478755,0.0071659572422504425,0.2996184527873993,1103.242595726845,0.13
58,08 Sweatpants.wav,hiphop,180.70666666666668,161.4990234375,0.9122446357445715,0.3780033406141591,-50.93739700317383,-40.10664367675781,-42.3101692199707,-53.162410736083984,-58.18429183959961,-63.914974212646484,-64.85340118408203,0.2626873850822449,0.13273784518241882,2225.3849998084324,2480.0519018247624,26.019799321128286,15.281304568337635,19.213422808804555,34.909674434765655,0.019636452198028564,1.0000007152557373,1272.944861672676,-0.14999999999999997
59,13 This Plane.wav,hiphop,196.1578231292517,112.34714673913044,0.4024621212121212,0.7466856060606061,-41.94561004638672,-35.10970687866211,-38.23039627075195,-45.169918060302734,-50.98443603515625,-53.63203811645508,-57.08728790283203,0.22594815492630005,0.11083932220935822,2852.9834553585893,2800.7429625039963,21.58938587914409,15.60346700491701,19.187507602293714,32.903051153780005,0.04316360875964165,0.33785560727119446,1866.9960021972656,0.050000000000000044
60,07 Slump.wav,hiphop,308.8666666666667,92.28515625,0.6465193204029469,0.590738234851902,-46.996578216552734,-40.20927047729492,-45.026878356933594,-52.18882369995117,-55.80056381225586,-60.663333892822266,-65.15654754638672,0.22454608976840973,0.15417087078094482,2528.356276485897,2510.8920137715786,21.96112742148104,15.470667239246987,18.79961409920198,35.70677802219936,0.03550995886325836,0.34841036796569824,1712.7856511385742,0.15000000000000002
61,"15 Shook Ones, Pt. II.wav",hiphop,325.50666666666666,95.703125,0.6205863471003638,0.39510664098723164,-33.887996673583984,-30.600826263427734,-38.916961669921875,-44.07698440551758,-45.320655822753906,-49.19099426269531,-59.91729736328125,0.18687163293361664,0.07369737327098846,2617.0542625039907,2416.031106164372,22.178074312535482,13.276946202355061,16.897935335938264,36.719920115511876,0.03751741349697113,0.30468231439590454,1976.6310035710464,-0.09999999999999998
62,Skills Up.wav,hiphop,239.98802721088435,86.1328125,0.8707430340557275,0.2717685758513932,-29.86736297607422,-30.378742218017578,-36.8320426940918,-46.07660675048828,-50.80787658691406,-54.64097595214844,-62.83515167236328,0.38797205686569214,0.13407564163208008,2196.495747553728,2399.87275937294,19.266997833126688,14.283922992137473,18.243482347650406,38.53981468961488,0.01594124734401703,0.38694849610328674,1335.8450473277562,-0.46
63,10 Seen It All (feat. JAY Z).wav,hiphop,207.5390022675737,107.666015625,0.3468337435667935,0.8123741329156411,-42.48158645629883,-39.895172119140625,-42.41422653198242,-45.149776458740234,-51.9474983215332,-56.937862396240234,-59.80009078979492,0.20769070088863373,0.10580319166183472,2699.0200670260538,2652.8372508029834,22.96367280888843,15.276542005216402,19.02544481984762,36.47046790457568,0.027994051575660706,0.32326218485832214,1777.6360249514014,0.17000000000000004
64,01 Numbers On the Boards.wav,hiphop,162.89333333333335,172.265625,1.097491448118586,0.3449258836944128,-37.470951080322266,-28.27920913696289,-37.33754348754883,-50.35438919067383,-54.03413391113281,-58.663883209228516,-61.678619384765625,0.3543132543563843,0.09512452781200409,2080.885027436025,2377.4652788420594,23.119817547634916,16.127047302399273,18.376624547810614,35.86878973808643,0.011533621698617935,0.3448801338672638,1234.8797857965276,0.36
65,01 Rack City.wav,hiphop,208.84,99.38401442307692,0.37802979764287303,0.8263286635534801,-34.254398345947266,-40.076107025146484,-44.95237731933594,-56.186004638671875,-59.46950912475586,-68.0697250366211,-71.02825164794922,0.32269179821014404,0.19454509019851685,1623.3007629948293,1955.1342295767652,23.79835574833562,14.537356621127683,19.150587188776324,36.53473171680303,0.02545902691781521,0.37453579902648926,934.4713451545822,-0.02999999999999997
66,03 Renaissance (feat. Lex Allen & D..wav,hiphop,198.52054421768707,117.45383522727273,0.8304093567251462,0.45532163742690057,-43.60856246948242,-38.680564880371094,-41.86408233642578,-47.133575439453125,-52.48910903930664,-55.80147171020508,-58.90502166748047,0.33703985810279846,0.1574285477399826,2840.8765974618177,2712.62220754168,22.54499273183186,14.812553742805994,18.726570698750216,33.39752835688582,0.03716899827122688,0.39739730954170227,1971.4730417351973,0.050000000000000044
67,03 A Milli.wav,hiphop,221.74666666666667,103.359375,0.9738219895287957,0.3049214659685864,-48.01858901977539,-44.267311096191406,-45.74742889404297,-51.38701629638672,-53.383663177490234,-56.5645637512207,-61.90232849121094,0.2533555328845978,0.16622573137283325,2775.2065567281065,2673.937445991559,25.255467282376582,17.15233052888756,19.864493976366152,35.47828885532109,0.04082342982292175,0.35268133878707886,1885.6535785135798,-0.03999999999999998
68,03 Much More.wav,hiphop,245.49333333333334,92.28515625,0.7661023361392225,0.7483211954979665,-41.87519836425781,-35.87206268310547,-39.382080078125,-46.71241760253906,-50.94112777709961,-56.07730484008789,-61.59282302856445,0.21505878865718842,0.11092766374349594,2563.965841169367,2654.299029931811,22.733835453346728,15.265906268153026,18.080417112544858,33.461163210705784,0.026991885155439377,0.27182215452194214,1637.5397118175424,0.07999999999999996
69,01 Lose Yourself.wav,hiphop,320.29333333333335,172.265625,0.32622879512831665,0.7349572277801942,-36.72376251220703,-32.005157470703125,-41.094993591308594,-47.28169250488281,-50.00166702270508,-59.60771560668945,-64.8442153930664,0.2777680456638336,0.14136365056037903,2067.2835468124367,2140.862739537426,21.63701966810088,16.319947118955064,18.844571455136936,38.82057805807571,0.02137697860598564,0.30139845609664917,1403.3344894349445,0.42000000000000004
70,01 Loyalty (feat. Lil Wayne & Tyga).wav,hiphop,238.14666666666668,151.99908088235293,0.8189529102076631,0.4488641903090572,-36.828025817871094,-35.66459274291992,-41.09526824951172,-44.01765060424805,-47.479915618896484,-53.70497512817383,-58.38925552368164,0.27419668436050415,0.12424448877573013,2761.3347609023517,2647.868655530126,21.627635043559255,14.207126185024798,17.229378209913936,34.12157975879472,0.039847567677497864,0.37853240966796875,1965.095302674393,0.0
71,Look Alive.wav,hiphop,181.28,143.5546875,0.6787909836065573,0.45453381147540983,-30.610759735107422,-40.22346496582031,-46.45293426513672,-50.93122863769531,-57.33213424682617,-59.70621871948242,-62.00424575805664,0.3479020893573761,0.1763710081577301,2413.9086498982438,2610.435044585878,23.48442754383693,14.858926139444476,18.542989607803317,33.46107384577672,0.016304677352309227,0.35963281989097595,1486.2543324955175,0.040000000000000036
72,"04 Kick, Push.wav",hiphop,255.66666666666666,95.703125,0.1998001998001998,0.8826627917537009,-41.19376754760742,-33.79591751098633,-39.10914993286133,-49.5938606262207,-51.048789978027344,-53.9848747253418,-59.648887634277344,0.2783820927143097,0.14153045415878296,2759.8867926616813,2678.8380269800346,20.821998556634576,16.36331386206613,19.446049281579143,33.26906907802577,0.04042985290288925,0.32330337166786194,1917.4367934976956,-0.07
73,05 Like Woah.wav,hiphop,232.69333333333333,107.666015625,0.309319497106366,0.8321692276990621,-39.83101272583008,-32.814002990722656,-38.02751159667969,-45.1806640625,-55.48916244506836,-57.80633544921875,-62.613162994384766,0.312004029750824,0.12199115753173828,2002.698428462477,2389.1288356987293,22.12838205345446,16.12929207687645,20.782662584452442,38.52843736328484,0.01238015852868557,0.26881295442581177,1024.5696576905807,-0.010000000000000009
74,09 Jumpman.wav,hiphop,205.8792290249433,143.5546875,0.31577760234577645,0.8566595240780421,-34.99079895019531,-38.56599807739258,-43.9224739074707,-54.084659576416016,-60.51008605957031,-63.92264938354492,-67.4317855834961,0.23185165226459503,0.11228526383638382,2023.6096389932366,2421.1751507881568,22.705478902813027,14.856226233200104,19.33564749191132,37.2193809883988,0.0127116022631526,0.24212157726287842,1047.90833958163,0.20999999999999996
75,02 I Wish.wav,hiphop,249.2043537414966,99.38401442307692,0.1583900121121774,0.9349669244386472,-42.6065559387207,-27.70833969116211,-38.21498107910156,-46.029319763183594,-47.87200927734375,-52.12678909301758,-59.236717224121094,0.2397613823413849,0.08856596797704697,2534.9211851261316,2624.5367167837812,26.173857188972608,15.406428868577263,18.30645398669372,34.82466222193237,0.026660893112421036,0.27649226784706116,1615.673366366434,-0.26
76,10 Intergalactic.wav,hiphop,210.05297052154194,107.666015625,0.607936332485907,0.577871117497513,-31.4700984954834,-32.219573974609375,-40.07145690917969,-46.16171646118164,-47.56840896606445,-52.22663879394531,-61.85365676879883,0.2846006751060486,0.13743120431900024,2430.295211462104,2407.2858179985633,19.11930679929022,15.043968677840933,17.84571947320876,36.52093024495245,0.02836456336081028,0.31857141852378845,1677.4298590218098,0.33999999999999997
77,10 It Was a Good Day.wav,hiphop,260.06666666666666,161.4990234375,0.2231943576466387,0.9160789215248638,-39.81548309326172,-29.338346481323242,-34.76294708251953,-43.55878829956055,-49.99415969848633,-56.008174896240234,-62.788734436035156,0.19526921212673187,0.09090214967727661,2154.853480947547,2249.063975031503,20.99953706656452,16.076737701964095,20.102957845211765,38.71665856718025,0.021571585908532143,0.22842788696289062,1376.8196661082159,-0.49
78,1-03 Gin And Juice [Explicit].wav,hiphop,211.49333333333334,95.703125,0.20858491601712595,0.9291909100889231,-35.844390869140625,-27.589162826538086,-36.210845947265625,-44.5445556640625,-45.26470184326172,-46.88409423828125,-52.939327239990234,0.26996320486068726,0.0811072513461113,3124.837854833826,2940.7729079481014,23.75578488511066,15.09942397056173,19.249958428700882,31.399186339640934,0.04653531685471535,0.2690492868423462,2306.3564017858366,0.42000000000000004
79,Gettin Throwed Ft. Towkio & Joey Pur.wav,hiphop,216.70721088435374,143.5546875,0.07500267866709526,0.8888888888888888,-37.69337844848633,-30.856576919555664,-34.27606964111328,-48.6502799987793,-53.817378997802734,-57.9583854675293,-63.22695541381836,0.2953746020793915,0.1100025475025177,1867.6919296433246,2226.8554867182283,24.23952257063543,14.26288564859919,19.340691440474387,38.12462236288676,0.012460765428841114,0.2773176431655884,1003.5204042234209,-0.020000000000000018
80,I Gotta Stay Fly.wav,hiphop,237.2455328798186,135.99917763157896,0.22509297318457624,0.8805049911920141,-32.89646911621094,-30.289461135864258,-37.21052932739258,-44.32036590576172,-51.72126388549805,-55.540992736816406,-58.3419189453125,0.3082277774810791,0.1053231954574585,2347.015083506196,2762.768389590722,21.177659714704667,14.836486050169814,17.473313988343126,32.44792560484456,0.018156174570322037,0.23553182184696198,1134.565674831639,0.29000000000000004
81,03 Get By.wav,hiphop,227.42666666666668,117.45383522727273,0.7350689127105666,0.540684022460439,-34.452796936035156,-27.363630294799805,-36.84288024902344,-42.188377380371094,-47.289100646972656,-52.85783004760742,-57.879676818847656,0.28178420662879944,0.10999802500009537,2392.593904635897,2579.9794502603586,18.556643868481792,14.64952246022427,17.676957015133976,34.30075282037917,0.02830647863447666,0.3086581826210022,1429.4386560226837,0.14
82,11 Get Dis Money.wav,hiphop,211.12,95.703125,0.4289013526888816,0.7456285054437479,-53.47585678100586,-39.34218215942383,-42.641963958740234,-53.57538986206055,-59.575584411621094,-62.94540786743164,-65.99540710449219,0.22146736085414886,0.15836435556411743,2320.2799548235926,2482.0209868102665,23.01278160937473,15.684969320303177,18.701680799245324,34.61948896168905,0.02953490801155567,0.3819420039653778,1474.7686584331698,-0.4
83,07 FUN!.wav,hiphop,171.1015419501134,99.38401442307692,0.2985479712308319,0.7853168679603746,-30.05721092224121,-35.11155319213867,-38.554813385009766,-49.935333251953125,-57.351226806640625,-62.885528564453125,-67.4909896850586,0.341966837644577,0.08717477321624756,1478.2983568826803,2037.563319060997,27.029240056521573,18.253415832108825,19.250821506699968,37.114983547550395,0.005180422216653824,0.25846415758132935,651.0148583540423,0.33000000000000007
84,11 Forbidden Fruit (feat. Kendrick L.wav,hiphop,268.6666666666667,112.34714673913044,0.8037334716100596,0.5582058594762769,-44.66977310180664,-33.83427047729492,-38.1279182434082,-52.62117004394531,-60.54149627685547,-67.97090911865234,-72.09468078613281,0.21740517020225525,0.13456706702709198,1347.0396873789796,1717.927228745257,25.878116934343275,14.958823629000745,18.696660974636544,40.96111690114513,0.007804855238646269,0.2665124535560608,725.8537389405626,0.06000000000000005
85,02 First Day Out.wav,hiphop,254.74721088435373,99.38401442307692,0.8476121035362741,0.4936201239518775,-40.77303695678711,-38.8333740234375,-40.32088088989258,-45.97306442260742,-51.75434875488281,-63.9017448425293,-61.95819091796875,0.25970393419265747,0.1623557060956955,2441.0289845814696,2570.695846490891,21.373843586587356,15.437117857747158,19.2921487965732,35.979617894974695,0.020636126399040222,0.33441513776779175,1623.1083618564585,0.030000000000000027
86,02 For My People.wav,hiphop,232.77333333333334,99.38401442307692,0.7481296758104738,0.5184039900249376,-40.57310485839844,-32.428672790527344,-36.99343490600586,-48.81284713745117,-56.8573112487793,-60.535030364990234,-64.75303649902344,0.2709445655345917,0.12718531489372253,1780.1439699200234,2131.3298469162323,25.052642442765958,15.991423555281852,19.760020772585623,38.5191088026723,0.014458887279033661,0.3386378586292267,978.4623061486908,0.0
87,The Food (Feat. Kanye West) (Studio.wav,hiphop,259.97061224489795,86.1328125,1.4646780387603822,0.20969902652496206,-30.239349365234375,-30.820375442504883,-37.06651306152344,-45.25786590576172,-53.24213409423828,-59.75941467285156,-64.34236145019531,0.23476271331310272,0.09895589202642441,1940.7175812949438,2286.5689740657353,18.124903940239022,14.985161299471761,18.413534396488163,38.146239666732505,0.014644574373960495,0.25963419675827026,1088.169083114478,0.07999999999999996
88,02 Doomsday.wav,hiphop,298.02721088435374,95.703125,0.45968056096610826,0.6426178418387223,-38.3423957824707,-30.617624282836914,-39.16233444213867,-52.468528747558594,-52.472023010253906,-52.97089767456055,-59.537193298339844,0.21133601665496826,0.10317591577768326,2804.2837981010653,2785.4525025412026,17.76432575783943,15.714877619804962,20.00977944510269,33.46473100088521,0.0386015810072422,0.34131917357444763,1853.2026570717278,-0.3
89,02 Energy.wav,hiphop,181.9275283446712,172.265625,0.778557753669432,0.2850031908104659,-45.69481658935547,-40.020992279052734,-42.91332244873047,-55.30356216430664,-59.32273483276367,-62.636959075927734,-66.51728057861328,0.18299807608127594,0.1222403421998024,2338.791617066273,2319.6032260990182,19.702228199560125,17.08179777189055,20.202896396201606,37.189574439892574,0.025880523025989532,0.32860666513442993,1623.6282506381622,0.010000000000000009
90,06 Dirt Off Your Shoulder.wav,hiphop,245.17333333333335,161.4990234375,0.30305900179941286,0.6804621649777441,-32.16093444824219,-36.939388275146484,-41.36572265625,-48.331336975097656,-53.073707580566406,-63.362239837646484,-68.60328674316406,0.3033599853515625,0.1526762992143631,1780.0822607403027,2019.4926727536763,20.92715163772916,15.093905342022829,19.252826246713624,39.54477552407991,0.012681533582508564,0.3390897214412689,1056.4820827278566,-0.020000000000000018
91,03 Chrome (Like Ooh).wav,hiphop,207.78666666666666,92.28515625,0.8716057660073752,0.33869706112414794,-44.18244552612305,-37.713645935058594,-40.74187088012695,-47.427852630615234,-50.74045944213867,-58.459190368652344,-65.57482147216797,0.2322336584329605,0.12015005946159363,2217.655315971804,2229.8691972798306,25.1621129192387,15.850733155099803,20.146551550853708,37.573175132413,0.023070598021149635,0.31065526604652405,1522.6229231268858,0.44000000000000006
92,03 Cilvia Demo.wav,hiphop,183.04213151927436,135.99917763157896,1.192439426614233,0.13319802105797285,-41.249839782714844,-31.61063575744629,-31.57121467590332,-46.167236328125,-54.27971267700195,-60.16770553588867,-62.61418151855469,0.3501240015029907,0.11631723493337631,1976.159565007359,2394.9599327199558,20.23582534905704,13.866923706980351,19.225694953025585,35.27033601604931,0.01471618376672268,0.3544352352619171,993.4965929948148,0.030000000000000027
93,Crew (CDQ).wav,hiphop,177.44,129.19921875,0.1439413766029835,0.8926982465323213,-46.7965087890625,-38.166839599609375,-42.61436462402344,-51.219322204589844,-57.453460693359375,-62.28408432006836,-63.24641418457031,0.2367730587720871,0.15576468408107758,2249.1185601338857,2571.9362129070814,25.081545697250206,16.332544456277496,19.730076411422964,35.08005365973897,0.021972402930259705,0.3029721975326538,1285.6522624762824,0.0
94,01 Check the Rhime.wav,hiphop,219.65333333333334,95.703125,0.07399577167019028,0.9862579281183932,-45.638816833496094,-31.547618865966797,-41.562496185302734,-51.88473129272461,-57.217525482177734,-59.79498291015625,-64.85456085205078,0.22488828003406525,0.13562838733196259,2193.7488649069237,2503.65451361125,23.544904824728217,15.352968449704791,17.277523701343714,33.57541226244467,0.034236811101436615,0.33419305086135864,1246.9943940563887,-0.19
95,08 Can't Go Wrong.wav,hiphop,184.72054421768706,135.99917763157896,0.49019607843137253,0.5603318250377074,-42.646392822265625,-33.34025573730469,-35.856014251708984,-40.11207962036133,-44.70769119262695,-51.1573486328125,-57.68006896972656,0.3229961693286896,0.15084315836429596,2682.9765661876218,2553.895372562991,23.05469551379078,13.414480116193765,16.435767984859762,35.063358362055475,0.046667277812957764,0.34488600492477417,1852.3345256822681,-0.26
96,C.R.E.A.M..wav,hiphop,252.02666666666667,92.28515625,0.8107610097659849,0.7001105583195135,-43.797237396240234,-36.30485534667969,-42.19210433959961,-54.072052001953125,-58.64594268798828,-65.50286102294922,-74.2354736328125,0.13682520389556885,0.08287042379379272,1532.2575067335506,1840.5669397624433,22.61661037921017,15.020108481780712,19.588257677660778,43.598770993027564,0.0048663378693163395,0.15853266417980194,804.396272219631,-0.33999999999999997
97,01 Blkjuptr [Prod. By Monte Booker].wav,hiphop,193.5673469387755,112.34714673913044,0.8396305625524769,0.4488425092959098,-62.40462875366211,-50.080787658691406,-48.19525909423828,-58.09407424926758,-64.36824035644531,-69.61890411376953,-70.81379699707031,0.11656532436609268,0.12257720530033112,2217.8558252382077,2414.0237437051987,22.366059269530325,16.059603422530788,20.882227069377073,35.77888009079391,0.020941540598869324,0.33181267976760864,1332.4240888696474,-0.15999999999999998
98,03 Backseat Freestyle.wav,hiphop,212.53596371882085,151.99908088235293,0.49158837666593835,0.6994756390648896,-32.70261001586914,-39.68647003173828,-45.08503341674805,-48.644710540771484,-50.795501708984375,-56.03597640991211,-61.10190200805664,0.27697616815567017,0.10416027158498764,2535.7836081565893,2621.644497686852,25.154507896322208,15.127085655487848,19.245699669950593,36.33556216211958,0.016257943585515022,0.30373868346214294,1642.6724207825814,0.14
99,Bad And Boujee (Ft. Lil Uzi Vert).wav,hiphop,334.46721088435373,129.19921875,0.46511627906976744,0.7169732731690386,-28.664133071899414,-35.09601593017578,-39.33279800415039,-48.10081481933594,-53.98395538330078,-55.92839431762695,-59.0811767578125,0.3153216242790222,0.11350664496421814,2476.6002238433966,2729.8198342479454,23.338852185486058,14.680945591403846,18.25662906870323,32.27227505601186,0.025494977831840515,0.2754027843475342,1485.296222828445,0.10999999999999999
100,10 Alone Together.wav,jazz,411.9738775510204,99.38401442307692,0.30434537564109787,0.668207180296455,-41.508914947509766,-33.337188720703125,-41.61846923828125,-56.05965042114258,-60.20315933227539,-59.90637969970703,-60.866397857666016,0.08369839191436768,0.03547067940235138,2947.3214910584716,3252.4681379424583,19.299553563589498,17.290913418507074,21.17841917544238,31.110717052784445,0.02381931245326996,0.24138924479484558,1428.985860235815,0.010000000000000009
101,01 Witch Hunt.wav,jazz,490.64,135.99917763157896,0.7903080781789787,0.44905588945151675,-53.88060760498047,-38.54623031616211,-41.10722732543945,-50.58283233642578,-54.875370025634766,-59.50995635986328,-64.33940887451172,0.05016910284757614,0.03074231557548046,2639.149725951016,2606.265506244699,19.901083802387017,14.277830078039658,19.247413604090923,35.30058371267114,0.027247464284300804,0.22679783403873444,1712.3711419057013,-0.08000000000000002
102,05 Wandering Wonder.wav,jazz,346.28,123.046875,0.8850744267131554,0.30038889633901034,-40.530635833740234,-33.44873046875,-39.466590881347656,-48.91378402709961,-54.42631530761719,-59.51668930053711,-65.72650146484375,0.14595678448677063,0.07566230744123459,1959.3520625735878,2253.40582788542,18.487108150018436,15.456975096317434,21.080247312950178,37.45679864750576,0.01928427256643772,0.2531292736530304,1078.6981149606704,0.020000000000000018
103,05 Teach Me Tonight.wav,jazz,307.02666666666664,117.45383522727273,0.6276941692505483,0.6377524011192619,-43.92354965209961,-28.824295043945312,-33.6717414855957,-43.254356384277344,-51.189781188964844,-56.53792953491211,-64.99482727050781,0.14908923208713531,0.05239730700850487,1831.96021635625,2164.284856023332,22.94328371405908,15.016684394644937,18.333695651010565,39.963325856557596,0.023730536922812462,0.21686241030693054,937.1266936044203,0.15000000000000002
104,01 Take Five.wav,jazz,324.16,123.046875,0.9168397679249337,0.31466227347611203,-43.72883224487305,-33.33281326293945,-40.19373321533203,-51.34313201904297,-58.681976318359375,-61.080169677734375,-66.70265197753906,0.10030839592218399,0.05937811732292175,2082.527002440668,2508.1233550519505,20.671805366794505,15.432091819324466,17.797329957017425,33.72277575323168,0.01697807013988495,0.24819624423980713,980.0738458501585,0.20000000000000007
105,04 Survival Of The Fittest.wav,jazz,608.0666666666667,135.99917763157896,1.0921032533985031,0.21742782954024745,-54.412601470947266,-41.74808883666992,-41.80702590942383,-53.04727554321289,-62.714420318603516,-69.7609634399414,-73.44425201416016,0.02874925546348095,0.019823860377073288,1601.7714149489905,1931.797258783767,19.60669288007398,15.093040318909354,18.83355570993129,39.49929309727057,0.013473599217832088,0.2503974735736847,824.3180349107296,-0.10999999999999999
106,2-11 Sunset at Sunset.wav,jazz,212.10249433106577,129.19921875,0.49261083743842365,0.757088122605364,-47.06075668334961,-36.76725387573242,-39.690574645996094,-55.67464065551758,-62.79176330566406,-61.6226806640625,-67.9432144165039,0.12530797719955444,0.06770344823598862,1891.870969105003,2392.7461868042788,18.86733366544988,14.952853005246485,21.551222777342257,35.04969280752434,0.017951849848031998,0.1931857019662857,790.0894059806035,0.050000000000000044
107,10 Sudwest Funk.wav,jazz,413.78086167800456,129.19921875,0.4994108074743281,0.6743729308119634,-40.29475402832031,-33.1622200012207,-37.42863845825195,-44.76136016845703,-51.905879974365234,-57.53347396850586,-63.082218170166016,0.1494310349225998,0.06122953072190285,2127.2955851048355,2366.03108292739,17.844486025615105,15.505793812966695,19.655134807748066,36.37872179950637,0.01883242279291153,0.16799621284008026,1176.867305206989,0.050000000000000044
108,03 Soul on Soul.wav,jazz,375.4533333333333,123.046875,0.6617192331478046,0.2119356833642548,-53.58311080932617,-41.868682861328125,-45.40302276611328,-50.5626106262207,-58.86610794067383,-64.14972686767578,-68.88878631591797,0.11331363022327423,0.05771157890558243,2160.382703461726,2300.743692243296,21.427521524151665,16.816704257271837,21.32479166444749,39.902444683756045,0.01398150622844696,0.24115970730781555,1305.5519797585227,0.08999999999999997
109,03 Strasbourg_St. Denis.wav,jazz,280.81333333333333,103.359375,0.32247395402679013,0.6771126178270217,-37.777549743652344,-32.446041107177734,-41.15459060668945,-51.933048248291016,-58.28825759887695,-62.52885055541992,-66.10469055175781,0.13533996045589447,0.06835780292749405,1898.9296644863591,2252.4526274968825,20.606603100313027,15.179817521742036,19.669883178710997,36.98220973252907,0.02083653211593628,0.19400717318058014,1008.911756588365,0.040000000000000036
110,04 Stable Mates.wav,jazz,364.17333333333335,172.265625,0.9627646008671257,0.3154169854628921,-47.38679122924805,-34.20207977294922,-40.1016960144043,-51.66699981689453,-57.0088005065918,-61.45771408081055,-66.48075103759766,0.10891368985176086,0.04944146052002907,2089.682848828262,2354.458940522292,21.820880340640404,15.782811069612466,22.05752960961701,37.67540111172827,0.019100472331047058,0.24630412459373474,1173.9680201932504,0.030000000000000027
111,01 So What.wav,jazz,562.0666666666667,135.99917763157896,0.45854504895278225,0.6947164043458504,-45.14958190917969,-41.140052795410156,-48.10160827636719,-55.45320129394531,-60.775447845458984,-64.60521697998047,-67.1602554321289,0.07624329626560211,0.05173839256167412,2394.398147880213,2677.138964911088,18.54915679375457,16.190563533591163,20.53619353597083,32.846078751645265,0.015509593300521374,0.28007370233535767,1302.451006673883,0.09999999999999998
112,04 Short Story.wav,jazz,431.8933333333333,103.359375,0.575237890435998,0.6687812483199828,-60.79458236694336,-34.95127487182617,-34.748077392578125,-46.251708984375,-53.6440315246582,-57.378482818603516,-59.49346923828125,0.12869496643543243,0.053213972598314285,2644.3037818148077,2818.3600392850226,30.282353948916345,14.61658112670887,19.081238703811135,34.2316858138754,0.02905886620283127,0.270537793636322,1454.8381214173633,-0.10999999999999999
113,01 Rowdy Rod.wav,jazz,337.61333333333334,123.046875,0.6946354883081155,0.356121045392022,-52.02299499511719,-32.89698028564453,-40.37491989135742,-48.952030181884766,-55.440155029296875,-61.0761604309082,-69.34198760986328,0.10828787088394165,0.05000792443752289,1841.4641728947875,2111.0325709904714,22.18084187288684,14.482700210271833,18.476003213318798,38.35375687918359,0.024036496877670288,0.2546052932739258,1028.277833038708,0.050000000000000044
114,06 Rosalie.wav,jazz,348.37333333333333,112.34714673913044,1.0263929618768328,0.17548653692348706,-59.7960319519043,-45.31740188598633,-42.50375747680664,-56.94242477416992,-69.60055541992188,-76.63092041015625,-79.32573699951172,0.10545042902231216,0.07157426327466965,988.2137895107273,1064.7710935320565,22.21486985621951,19.761154469130542,27.348954400489184,50.394527641099714,0.005177321378141642,0.014747467823326588,672.5157747647502,0.020000000000000018
115,09 Rogue Convoy.wav,jazz,426.2,151.99908088235293,0.3268864069735767,0.7447561972214656,-44.515594482421875,-27.5727596282959,-36.445682525634766,-43.6875114440918,-50.4594841003418,-56.334144592285156,-64.33795928955078,0.12524014711380005,0.04126982018351555,1976.997983668437,2224.5002758688347,24.67326325001316,15.156090703776057,16.9551479507003,38.32261608679436,0.015573086217045784,0.23658491671085358,1121.5027144766411,0.06000000000000005
116,03 Remembrance.wav,jazz,540.5466666666666,135.99917763157896,0.4596219931271478,0.6271907216494845,-39.29251480102539,-27.924406051635742,-42.136474609375,-51.32245635986328,-58.81547546386719,-62.2303581237793,-67.49995422363281,0.21181771159172058,0.09075576812028885,1542.0582223828546,2145.825118542471,24.381630777167263,15.755288421176381,18.930969499577046,35.68110022894029,0.012635991908609867,0.3903137445449829,611.9804775591978,-0.010000000000000009
117,09 Rabat.wav,jazz,464.52,135.99917763157896,0.6448065580325902,0.5182445266420074,-45.044342041015625,-29.55034637451172,-38.73774337768555,-51.027587890625,-60.25247573852539,-66.02166748046875,-71.1108169555664,0.1761334091424942,0.07933405786752701,1249.6824440836128,1858.898595446773,26.658821266316036,15.117910582783725,19.727116327008815,38.35305669434519,0.014150399714708328,0.22268828749656677,450.57683988748687,0.06000000000000005
118,24 Poinciana.wav,jazz,487.2138775510204,95.703125,0.28594576561978746,0.5009293237382643,-50.216835021972656,-32.178192138671875,-39.46965408325195,-52.684810638427734,-57.93125915527344,-60.20637512207031,-69.29861450195312,0.1422393023967743,0.06699659675359726,2056.2540904688963,2267.7536481895854,24.534941644772275,15.324984101609086,16.77682955651805,35.025255130494294,0.01547226682305336,0.1639758199453354,1277.0386027248994,-0.22999999999999998
119,07 On A Slow Boat To China.wav,jazz,239.94666666666666,135.99917763157896,0.5999612928198181,0.4537449196826011,-41.56361389160156,-35.76521301269531,-42.86470413208008,-57.81081771850586,-66.45709991455078,-70.35542297363281,-72.52820587158203,0.1501387059688568,0.09129896759986877,1331.349680468621,2033.234687635943,18.359614023188428,15.80386056909736,21.267267645954995,36.71156945711538,0.013906898908317089,0.12449601292610168,481.4402473025934,0.010000000000000009
120,08 One for Helen.wav,jazz,351.43655328798184,99.38401442307692,0.720137420718816,0.327365221987315,-46.95846939086914,-39.33488464355469,-42.3527717590332,-56.135833740234375,-67.84748840332031,-72.92156219482422,-75.35597229003906,0.07182220369577408,0.0412861593067646,1244.0787577429983,1753.718262833541,19.098406904914313,16.665800512465378,21.177913650294375,39.908635364861034,0.00580024067312479,0.1845315396785736,590.9068875786618,0.030000000000000027
121,04 Mr. Steepe.wav,jazz,379.0933333333333,129.19921875,0.6124823911312549,0.5443743492374594,-46.60404968261719,-31.422527313232422,-35.29719924926758,-45.498226165771484,-50.49987030029297,-55.25836181640625,-62.91413116455078,0.07231888920068741,0.03252052888274193,2174.09882593409,2375.796261265876,20.70084298735078,14.770914155774134,19.36559867293647,36.72347565352826,0.016284557059407234,0.17304569482803345,1221.06133897503,0.050000000000000044
122,02 Moment's Notice.wav,jazz,550.9066666666666,123.046875,0.6111438927758577,0.605875410941583,-58.51991271972656,-38.63788986206055,-40.016258239746094,-50.714500427246094,-57.9351921081543,-61.185569763183594,-62.26286315917969,0.07653792947530746,0.032001834362745285,2737.4784266497245,2903.296296438522,24.062692192136247,14.863685971109849,19.668381205715487,32.4078604127199,0.028195062652230263,0.24734118580818176,1487.295326683741,0.020000000000000018
123,1-03 Memories Of You.wav,jazz,223.57333333333332,123.046875,0.7996676705784609,0.1668916813791671,-35.952728271484375,-36.53956604003906,-39.29105758666992,-51.4674186706543,-62.02052688598633,-68.19468688964844,-74.38088989257812,0.07383064925670624,0.03466690331697464,1341.840800961022,1713.7955678457324,14.97649248269338,15.598862357286055,20.839625467537477,41.6482370442873,0.004440144170075655,0.06199146807193756,732.5974082808119,-0.02999999999999997
124,03 The Long Way Home.wav,jazz,343.6933333333333,161.4990234375,0.6890960680989056,0.5566139710849886,-47.29590606689453,-39.90895462036133,-43.886714935302734,-57.547698974609375,-66.05514526367188,-68.29972839355469,-72.41455078125,0.11528602987527847,0.07217562198638916,1483.639435242915,2024.8146900281774,21.63988016350335,18.433136587346358,24.160643666358585,38.62011415027862,0.005211671348661184,0.2115558385848999,681.039556125228,0.12
125,2-02 Leroy and Lanisha.wav,jazz,564.238775510204,172.265625,0.9465020576131686,0.29390946502057613,-45.987003326416016,-25.84357261657715,-32.02388381958008,-42.59868240356445,-47.16902542114258,-52.18484878540039,-59.811649322509766,0.19393755495548248,0.06907005608081818,2193.56902187623,2438.1170442516295,24.7731952137779,15.024590036927052,19.423420621007555,36.826889790588424,0.0160855483263731,0.18404516577720642,1228.454173900463,-0.010000000000000009
126,01 Jean Marie.wav,jazz,462.76,143.5546875,0.9433015554440541,0.5204716507777221,-47.42271423339844,-28.86410903930664,-35.25471878051758,-45.808467864990234,-51.13210678100586,-57.181514739990234,-65.23944091796875,0.11570914089679718,0.05358855053782463,1968.5532770764542,2214.641694167598,22.048984646062696,14.733763539768347,19.905993544759784,40.896055841410764,0.01556618232280016,0.1749349683523178,1122.7663852291614,0.010000000000000009
127,01 Lady Bird.wav,jazz,284.4266666666667,112.34714673913044,0.20408163265306123,0.6805714285714286,-49.64371109008789,-33.3731575012207,-37.744354248046875,-45.74347686767578,-52.40818786621094,-55.29160690307617,-64.02729797363281,0.06718400865793228,0.02870071493089199,2189.4055215500457,2334.2129555731335,26.503174093047356,15.283925947696007,21.081564481286893,37.68376611311215,0.016035597771406174,0.24044807255268097,1293.134765625,0.21999999999999997
128,18 Invitation.wav,jazz,217.3205442176871,117.45383522727273,0.5662393162393162,0.6398504273504273,-51.418006896972656,-34.3870964050293,-37.943992614746094,-50.31229019165039,-57.61199188232422,-63.16991424560547,-70.27362823486328,0.1248684749007225,0.0642496719956398,1806.7209473296625,1956.4475103605419,22.862250804766678,15.727514257504893,20.888236887674374,41.79446934861116,0.02566002495586872,0.1200454980134964,1125.7896775465745,0.14
129,1-04 Highway Rider.wav,jazz,465.6,112.34714673913044,0.7330939557151407,0.43422102533413126,-46.17470932006836,-35.52608108520508,-45.773834228515625,-62.978240966796875,-70.47151184082031,-71.99673461914062,-74.03192901611328,0.0645262598991394,0.047703903168439865,1155.754951044087,1831.1288764819387,19.90611858685718,17.521328757950318,21.547087658236116,36.17906084312689,0.005769849289208651,0.16176371276378632,409.1174360237601,0.020000000000000018
130,06 Honeysuckle Rose.wav,jazz,347.16,103.359375,0.3812454016453749,0.5882549662229951,-41.14821243286133,-34.817298889160156,-42.089874267578125,-55.23368453979492,-59.61429977416992,-61.17930603027344,-63.63319396972656,0.04253244772553444,0.018872274085879326,2576.3229866008705,2918.4963540259414,18.56275716780657,15.941180947642945,20.078826716276147,32.61371620533815,0.028733553364872932,0.2763039171695709,1241.0036767894915,0.15000000000000002
131,06 Have You Met Miss Jones_.wav,jazz,311.70721088435374,117.45383522727273,0.4543761638733706,0.6621229050279329,-38.412681579589844,-35.14324188232422,-39.03453063964844,-52.402774810791016,-62.59080505371094,-65.60476684570312,-69.2065658569336,0.12482739984989166,0.061068493872880936,1618.1866901430578,2136.3320784900316,17.98163134379423,15.467156455660165,20.166263180645043,36.88416766653716,0.023311132565140724,0.2660519778728485,672.1655518942039,0.08999999999999997
132,02 Hammer Head.wav,jazz,471.49333333333334,135.99917763157896,0.46291736432581504,0.509110607702157,-44.16645050048828,-34.878475189208984,-35.98038101196289,-45.486053466796875,-49.54409408569336,-54.67612075805664,-59.20823287963867,0.08632314950227737,0.03384878858923912,2756.3061511296983,2736.9800605081714,18.18693773056677,13.95208284498934,18.451381970505963,35.54227199409551,0.035908039659261703,0.2628469169139862,1716.1849424027228,-0.14
133,20 Four on Six.wav,jazz,372.0968707482993,99.38401442307692,0.33073322932917315,0.5206240249609985,-57.99357223510742,-30.306169509887695,-37.29817199707031,-54.55744934082031,-63.95705795288086,-68.06437683105469,-71.37303161621094,0.09751152247190475,0.04043858125805855,1258.9602451385872,2036.0298210249634,26.82213729433851,16.938373790386557,20.148918096880745,35.814109461983236,0.002920327940955758,0.10564926266670227,404.4264759652886,-0.24
134,03 Four By Five.wav,jazz,397.29333333333335,143.5546875,0.8240794856808884,0.3917592051431911,-48.0970573425293,-30.54201889038086,-33.46598434448242,-42.718475341796875,-49.25028991699219,-52.73665237426758,-54.84779739379883,0.15518374741077423,0.050472013652324677,2884.2925600108183,2963.712373766009,23.04461349320207,15.400286448364229,18.77927725649484,30.99080069184208,0.04673866927623749,0.2865113615989685,1631.1413952344208,0.07999999999999996
135,05 The Eye Of The Hurricane.wav,jazz,215.84,129.19921875,0.8928571428571428,0.43577882960413084,-47.36659622192383,-34.45860290527344,-41.467430114746094,-55.15263748168945,-66.33668518066406,-73.43291473388672,-77.74205780029297,0.0650915876030922,0.03123103827238083,1001.1927769839951,1212.3934104319976,20.979253858992134,17.108466621212866,23.04265911006815,47.387699861585794,0.0006158316391520202,0.0326705165207386,634.2762958572572,0.06000000000000005
136,09 Five O'Clock Whistle.wav,jazz,209.50666666666666,123.046875,0.7979607669289593,0.6218552587831099,-44.98154067993164,-40.08211135864258,-54.76142120361328,-64.3185806274414,-72.37769317626953,-73.2668228149414,-75.87075805664062,0.06332557648420334,0.03883839026093483,1419.5568332547732,2156.6279172159902,19.39123556147507,17.954985919534003,19.540191050559958,34.43886070250299,0.020887156948447227,0.30685678124427795,452.82968265128005,-0.07
137,03 Dig Dis.wav,jazz,369.38666666666666,143.5546875,0.7605757747187126,0.5006600037714501,-57.75953674316406,-39.151878356933594,-39.085784912109375,-50.77107238769531,-58.923927307128906,-62.78099060058594,-66.69894409179688,0.15580998361110687,0.07174377143383026,2053.9366165211454,2431.0429170359102,23.28024181975351,16.35374626792986,21.34868366719679,36.1068923205028,0.02278437837958336,0.23749157786369324,980.196576709233,-0.04999999999999999
138,06 Embraceable You.wav,jazz,403.36,129.19921875,1.2491365415611329,0.20976283674879115,-70.40298461914062,-39.713584899902344,-42.247249603271484,-58.57093048095703,-71.5907974243164,-77.20619201660156,-79.08641815185547,0.07504066079854965,0.04440511763095856,911.6294364794927,1217.9258318166126,30.913105145458577,18.921137076953666,23.859724218326974,45.767895242215054,0.006007957737892866,0.03072318248450756,520.8396186099578,0.35
139,06 Det Var en Lørdag Aften.wav,jazz,221.66666666666666,92.28515625,1.0788729443804335,0.24929297161411962,-45.82559585571289,-31.639875411987305,-37.86338424682617,-56.32185363769531,-72.6174087524414,-77.65201568603516,-79.56233978271484,0.13176250457763672,0.052763041108846664,568.3963385650331,867.5404062675448,23.897566883722757,16.148642793136652,20.797268579083084,48.781885227241965,0.005874814931303263,0.0037961858324706554,314.7553433220187,-0.09999999999999998
140,02 Clean House.wav,jazz,289.2891156462585,129.19921875,0.9230275302993819,0.4042860582711293,-54.32564163208008,-26.0236759185791,-33.937171936035156,-45.27178192138672,-53.2431526184082,-57.03602981567383,-62.289451599121094,0.16508911550045013,0.05821024253964424,1908.398203269896,2428.0325840286578,29.8982815176225,15.635094211725654,19.54484248580238,35.20348331029293,0.016265928745269775,0.17119964957237244,808.7179072357332,0.010000000000000009
141,02 Delphia.wav,jazz,443.1333333333333,161.4990234375,0.9693476552266178,0.17966989782551743,-52.10835266113281,-34.56315994262695,-40.0998649597168,-54.59245681762695,-65.5436019897461,-70.06983947753906,-73.63472747802734,0.05106954649090767,0.028047876432538033,1245.9000233366833,1723.8852159260664,25.60866553443573,17.80570155688699,23.06645845122931,40.945960788304404,0.008608026430010796,0.18478217720985413,592.2020115601257,-0.08999999999999997
142,04 Chinatown - Nicholas Payton.wav,jazz,241.01333333333332,135.99917763157896,1.28131021194605,0.21551059730250482,-53.31277847290039,-44.85137176513672,-45.6800537109375,-53.78236770629883,-59.82297897338867,-65.24494171142578,-72.15020751953125,0.09878513962030411,0.06027429178357124,1817.2755315462673,2061.6529802139657,24.756398965622868,17.884838901901595,23.290444963805445,39.87699380492106,0.01092871930450201,0.12469743192195892,1046.4234315728866,0.020000000000000018
143,04 Choir.wav,jazz,291.0133333333333,135.99917763157896,0.6941673980690977,0.7149924200111705,-39.47713088989258,-30.88671875,-36.02222442626953,-48.61058807373047,-58.488548278808594,-62.46406936645508,-66.36380767822266,0.1802905946969986,0.07655399292707443,1632.5106439906353,2282.845792959667,18.69332000687001,15.476256415213168,19.499025098712366,35.58028191604523,0.014782918617129326,0.15871064364910126,626.119158702276,0.06000000000000005
144,03 Ceora.wav,jazz,381.03600907029477,129.19921875,0.3717245581962218,0.7045703839122486,-56.92256164550781,-35.75244903564453,-37.17847442626953,-50.82570266723633,-59.5456657409668,-66.17002868652344,-71.96295166015625,0.08498074859380722,0.0412069708108902,1542.428162056788,1850.7539240226847,25.42084758758364,17.176530040487567,22.49316863492542,41.70815384338861,0.005153747741132975,0.26882636547088623,837.5858330595864,-0.020000000000000018
145,01 Autumn Leaves.wav,jazz,659.52,112.34714673913044,0.8167863681171665,0.5081326573722011,-53.756065368652344,-36.92350387573242,-42.8089485168457,-59.07183074951172,-64.1935806274414,-63.78483581542969,-64.85822296142578,0.13558577001094818,0.06630095839500427,2540.91938966493,2840.9501462611584,26.085053056064375,17.37354878442947,23.40698646422265,32.8003241159229,0.01924261823296547,0.32903435826301575,1351.2399574347473,-0.09999999999999998
146,01 Bouncing with Bud.wav,jazz,184.54666666666665,172.265625,0.9058882737795673,0.3909159536990438,-44.68843460083008,-33.93910598754883,-36.3455924987793,-46.32710647583008,-53.17656326293945,-56.205726623535156,-66.08563995361328,0.1564924567937851,0.06282917410135269,1991.8006643312408,2199.9064719241837,18.37249909771313,15.34309401947101,19.425215905172507,39.92932493275853,0.034009531140327454,0.15468090772628784,1069.614724100206,0.10999999999999999
147,05 Brother Hubbard.wav,jazz,394.61333333333334,151.99908088235293,0.3000882612533098,0.5580464842600765,-41.49428176879883,-34.69052505493164,-40.786865234375,-48.9434700012207,-54.60118103027344,-59.80588150024414,-67.59510040283203,0.1219058409333229,0.0623435415327549,2000.865029259838,2241.689461440181,17.892642118211782,15.750733682140197,20.079094640985065,38.43821227236536,0.01469577569514513,0.27689507603645325,1134.8473183748897,-0.010000000000000009
148,02 Afro Blues.wav,jazz,443.71691609977324,143.5546875,0.3506017791732078,0.7604395604395604,-30.5689754486084,-27.665205001831055,-36.03491973876953,-45.32523727416992,-52.13035202026367,-53.7196159362793,-60.63214874267578,0.18388335406780243,0.06739484518766403,2100.6622653178556,2514.447819524497,17.45239059232771,14.55289107124332,17.634633179562965,34.67753811204251,0.024560650810599327,0.3012213110923767,1010.5489408052885,0.010000000000000009
149,05 All Of Me.wav,jazz,150.04,107.666015625,0.7892293407613741,0.36706901887960386,-35.180137634277344,-32.72220993041992,-39.52701950073242,-47.60550308227539,-55.548709869384766,-63.486637115478516,-71.32258605957031,0.07237760722637177,0.03754892200231552,1443.1775652197798,1732.0679031618984,17.285337537129852,17.38964548642441,22.372428852236798,42.40630819449731,0.017778510227799416,0.07264196872711182,850.9997184562152,0.040000000000000036
150,07 Ask The Lonely.wav,rock,234.64,129.19921875,0.04947555907381753,0.9749653671086483,-47.44988250732422,-29.767024993896484,-32.758121490478516,-37.883235931396484,-43.79244613647461,-47.48345184326172,-56.4387092590332,0.18441744148731232,0.06415450572967529,2629.08726966511,2525.233645516228,22.454618280235074,14.351922418775736,18.72197126267323,35.48096872859406,0.03733465448021889,0.3029640316963196,1728.8311186578517,0.050000000000000044
151,05 Would_.wav,rock,208.13333333333333,135.99917763157896,0.7809013833110219,0.31291834002677377,-38.15008544921875,-21.362890243530273,-30.070085525512695,-36.8118896484375,-42.46161651611328,-49.32263946533203,-59.79146194458008,0.2719452679157257,0.07225212454795837,1985.9381902548441,2195.5304073418574,22.90826167914536,13.532103576525772,16.15883941125099,38.560145587533164,0.01676485687494278,0.1347559094429016,1150.85890436747,0.050000000000000044
152,Zombie.wav,rock,306.41333333333336,172.265625,0.3485640675911192,0.5311813290899446,-36.51377868652344,-24.18646240234375,-34.624427795410156,-44.54875946044922,-44.6435432434082,-51.17664337158203,-58.96422576904297,0.15107272565364838,0.050438955426216125,2359.4076106348125,2470.058729839216,20.332768735790896,16.579431284204652,19.23884401403433,34.42158667266518,0.0251047033816576,0.20070259273052216,1584.6794404179218,0.36
153,02 Working for the Weekend.wav,rock,220.76,143.5546875,0.15776188472864955,0.8330879259570888,-44.8218879699707,-24.66776466369629,-30.70564079284668,-35.375938415527344,-39.10723114013672,-43.546051025390625,-53.42847442626953,0.20174193382263184,0.05971071869134903,2710.346363176757,2508.5516791163113,25.60175684423467,15.073465284868943,17.831605748163277,36.257003399820036,0.04161091893911362,0.25887665152549744,1967.1774575727347,0.16000000000000003
154,04 Victim of Love.wav,rock,250.33333333333334,86.1328125,0.7605973471848623,0.3554401261478527,-47.47311782836914,-35.95327377319336,-38.41609573364258,-40.748329162597656,-48.48372268676758,-56.69774627685547,-65.78437042236328,0.19660884141921997,0.08949212729930878,1938.6515372384945,1958.6952561352912,22.36097259882551,16.1910095889716,18.9813171958335,40.548541570493825,0.01852329447865486,0.31943634152412415,1313.3306510549519,0.12
155,01 Thunderstruck.wav,rock,292.88,135.99917763157896,0.19026478515934675,0.8409703504043127,-36.911033630371094,-27.035097122192383,-34.07645797729492,-36.98845672607422,-39.08124542236328,-45.336387634277344,-54.28425598144531,0.2034267783164978,0.07717961817979813,2767.3951516582047,2518.0209739609363,21.137722425368043,14.584886861225288,16.789693027495808,35.501322625274405,0.04868584871292114,0.32646870613098145,2096.5792809421823,0.050000000000000044
156,05 Smoke On the Water.wav,rock,342.0845351473923,117.45383522727273,0.2511369035498541,0.5172741464739021,-47.67129898071289,-26.03790283203125,-35.228782653808594,-44.519691467285156,-51.56405258178711,-56.301700592041016,-62.49484634399414,0.152322456240654,0.06272397190332413,1933.9256744429238,2394.9683877778753,30.663848342496895,14.570759343706222,17.608477020105845,35.01032989477625,0.019041070714592934,0.12968289852142334,871.2711359861789,0.14
157,Takin' a Ride (On Heavy Metal).wav,rock,299.2266666666667,112.34714673913044,0.0775975789555366,0.9397842787305036,-51.46479034423828,-39.13154983520508,-45.09809875488281,-49.229888916015625,-52.97887420654297,-60.10877990722656,-67.2554931640625,0.0752972662448883,0.04490281268954277,2311.6101260500104,2232.555289121278,22.005505736662354,16.203346571211956,18.999659561273987,38.25587371981513,0.030868658795952797,0.3618446886539459,1606.2212229681559,0.15000000000000002
158,01 Smells Like Teen Spirit.wav,rock,301.94666666666666,117.45383522727273,0.2614580129191018,0.8122885266071977,-35.813175201416016,-24.235422134399414,-35.157615661621094,-38.82194137573242,-38.283599853515625,-43.24668502807617,-55.255619049072266,0.13936257362365723,0.04360579326748848,2745.1227710659596,2381.400113891925,19.44931883363012,14.875762645009843,17.481005134096655,36.47311580771216,0.05146464705467224,0.2251007854938507,2194.397166031245,0.06000000000000005
159,09 Saved By a Waif.wav,rock,179.4875283446712,117.45383522727273,0.40103492884864167,0.6005174644243209,-40.445213317871094,-28.0059814453125,-30.95869255065918,-38.25519561767578,-44.93488693237305,-50.295101165771484,-58.34129333496094,0.24802900850772858,0.09787551313638687,2330.4992420472536,2345.29080050004,19.380771195068398,15.292227162750196,18.52757104165995,39.70214260764401,0.026111377403140068,0.22461086511611938,1526.616353063349,0.040000000000000036
160,06 Saeglópur.wav,rock,458.96,103.359375,0.6880501871901245,0.3243448345644035,-54.15397644042969,-39.25749969482422,-40.66191101074219,-47.46390151977539,-53.22614669799805,-62.352088928222656,-69.49162292480469,0.17692320048809052,0.11281830072402954,1790.444012570426,1840.2194824597582,23.373107311322265,16.49436412873815,21.326366988930413,41.652701895218364,0.009896433912217617,0.12199095636606216,1160.7427062648615,0.030000000000000027
161,01 Roundabout.wav,rock,515.7398185941043,135.99917763157896,0.5312443724113093,0.46029173419773095,-49.87761306762695,-31.710683822631836,-36.70060729980469,-44.612754821777344,-52.29811477661133,-57.30784606933594,-63.56585693359375,0.1250610500574112,0.05578756332397461,2063.8999655512407,2226.3063654337784,28.350791548932413,16.03633144358359,19.05125849282692,38.6413671618534,0.018602104857563972,0.29388606548309326,1260.9812534029325,0.06000000000000005
162,02 The Red & The Black.wav,rock,268.06666666666666,143.5546875,0.4157644001732351,0.7599826764833261,-36.40915298461914,-26.103424072265625,-34.74369812011719,-39.35681915283203,-42.73047637939453,-50.94999313354492,-57.98618698120117,0.19473566114902496,0.049019187688827515,2392.9309117197413,2377.178512360127,21.566807647276455,14.281981953122926,16.28814129229961,37.25477328370537,0.034193623811006546,0.3020699620246887,1678.481942263967,0.06000000000000005
163,05 Rebel Yell.wav,rock,286.85333333333335,83.35433467741936,0.22664723976040152,0.8431277319086935,-42.68247985839844,-25.31285858154297,-36.710693359375,-43.90142822265625,-43.486000061035156,-49.683815002441406,-62.643890380859375,0.16687801480293274,0.056069519370794296,2259.3896860807017,2231.6761084948257,28.005824468856954,14.12283655189316,16.929336344206195,39.31242208182211,0.024093229323625565,0.18899467587471008,1602.7952322976112,0.18000000000000005
164,10 Rock and Roll.wav,rock,220.86666666666667,112.34714673913044,0.5466778805719091,0.6073380992430614,-43.945945739746094,-24.711788177490234,-32.22685241699219,-35.57568359375,-40.38658905029297,-43.47827911376953,-52.51253128051758,0.17157305777072906,0.04788735508918762,2800.7362911038117,2595.2977633609876,25.359507428632178,12.677442038426602,16.455509250836155,34.77805747383331,0.05146704986691475,0.20134133100509644,2006.1918497687132,0.040000000000000036
165,01 Pull Me Under (2007 Remix).wav,rock,493.62666666666667,103.359375,0.23049061573921634,0.8844724587233642,-35.40205383300781,-22.76625633239746,-32.863224029541016,-41.973690032958984,-42.75428009033203,-46.080753326416016,-55.50172805786133,0.23283490538597107,0.04586268588900566,2652.056453875917,2615.3482273736677,21.09741348184956,14.590878766389308,17.990182040124303,34.3012010080211,0.03947212174534798,0.28235235810279846,1871.7239736607878,0.050000000000000044
166,1-01 Purple Haze.wav,rock,171.46666666666667,107.666015625,0.6093432633716994,0.33540961408259984,-41.886131286621094,-26.27116584777832,-34.22598648071289,-36.91276550292969,-38.965476989746094,-48.65660095214844,-60.15847396850586,0.1928720921278,0.07478952407836914,2386.281397075357,2133.089831496763,23.260698201303963,13.75666605039047,15.175170625005874,40.475435864731004,0.029766567051410675,0.23375622928142548,1889.6253193498223,0.07000000000000006
167,03 Positive Tension.wav,rock,234.54666666666665,161.4990234375,0.40586022569788166,0.527321322510394,-33.60097885131836,-27.17096519470215,-35.50432205200195,-43.09227752685547,-47.826133728027344,-53.12516784667969,-58.74264907836914,0.2656730115413666,0.10018124431371689,2268.68600958328,2465.9687238086653,22.197752061814047,12.819881426105892,16.176982094312528,35.7441678181321,0.02065872959792614,0.2587288022041321,1350.463509507709,0.050000000000000044
168,03 My Number.wav,rock,240.53333333333333,129.19921875,0.028960324355632783,0.9902500241336036,-40.06289291381836,-32.10334777832031,-36.529117584228516,-44.97481155395508,-49.732704162597656,-55.354217529296875,-63.53789520263672,0.2122611254453659,0.0910237655043602,2182.5955741975986,2375.1443448768796,20.84495920103956,14.85338903397998,17.883510198686217,35.82051712557968,0.016190169379115105,0.2287597507238388,1262.8426453220027,0.06000000000000005
169,07 Monkey Gone to Heaven.wav,rock,176.4,117.45383522727273,0.18428326971172831,0.8777148874555746,-44.768917083740234,-27.167747497558594,-32.735477447509766,-38.18998336791992,-42.38172149658203,-49.868385314941406,-57.0161018371582,0.09540107101202011,0.031502217054367065,2458.8394658484367,2416.5881460758446,26.342326452382046,15.075596603104986,17.196616005047833,36.66100430639137,0.033105913549661636,0.27777108550071716,1756.7063183349512,0.13
170,No Smoke Without a Fire.wav,rock,268.26666666666665,83.35433467741936,0.5885407651029947,0.5667301367491778,-46.24068069458008,-27.100143432617188,-35.95526885986328,-39.76849365234375,-39.612266540527344,-44.762699127197266,-55.178226470947266,0.11204078793525696,0.04870602861046791,3001.4372204292176,2470.3644964214973,23.635921697153677,14.337477954584052,17.226909800519557,36.4871273214186,0.06270170211791992,0.29293328523635864,2530.5511310848788,0.050000000000000044
171,03 London Calling.wav,rock,201.68,135.99917763157896,0.11512779184895235,0.9244761685470873,-43.709903717041016,-28.506507873535156,-34.39634323120117,-39.59311294555664,-46.271087646484375,-52.214935302734375,-58.34489822387695,0.19771172106266022,0.0640854611992836,2295.3660101135756,2463.813050528078,22.48978481307178,14.260334076843526,18.09492825870917,35.89337715139691,0.03829137235879898,0.19348852336406708,1338.3297267828618,-0.13
172,04 Limelight.wav,rock,263.76,129.19921875,0.4665492957746479,0.7447183098591549,-36.87770462036133,-29.41199493408203,-34.9188346862793,-38.93280029296875,-43.004173278808594,-50.41443634033203,-59.346683502197266,0.10132759809494019,0.03320308402180672,2391.556258029345,2312.859997818213,23.702666744878414,14.922784688231935,17.249227163017846,37.879250330789745,0.04024834930896759,0.37595072388648987,1736.2509800011003,0.19000000000000006
173,03 I Cut Like a Buffalo.wav,rock,207.60072562358278,89.10290948275862,0.8388323453752378,0.3603623755732021,-35.55902862548828,-32.67779541015625,-36.993736267089844,-44.482574462890625,-46.24051284790039,-53.114723205566406,-61.1678466796875,0.2113991379737854,0.08429492264986038,2554.691001372282,2420.5843851312648,18.71617059259532,14.125495011719483,16.088229532807176,37.97719598971918,0.03356699272990227,0.3416809141635895,1860.5111372469523,-0.010000000000000009
174,06 Jeremy.wav,rock,319.2266666666667,107.666015625,0.6037241780622635,0.3863107361070701,-40.01078796386719,-26.223289489746094,-33.094970703125,-38.72080612182617,-43.756813049316406,-49.31108474731445,-57.77044677734375,0.156580850481987,0.04886937141418457,2354.31005532149,2412.6186378483626,20.876263914813705,16.17512171761455,19.149845620143488,37.05440068829445,0.029229193925857544,0.22249777615070343,1504.4438317448446,0.15000000000000002
175,I Don't Care Anymore.wav,rock,305.70666666666665,95.703125,1.0177730518000911,0.29629348321433996,-39.0969352722168,-29.988239288330078,-36.415985107421875,-46.023948669433594,-52.469993591308594,-57.28321838378906,-67.2286148071289,0.09606842696666718,0.049399517476558685,1781.4256241572134,2003.7382364027012,20.03838182501238,14.223705709796896,17.88856791696971,40.218257434756005,0.025865111500024796,0.14434075355529785,1015.2841488315073,0.040000000000000036
176,02 I Bet You Look Good On The Dancef.wav,rock,173.68,103.359375,0.24064171122994654,0.8441176470588235,-32.48537063598633,-22.366106033325195,-29.021625518798828,-34.373600006103516,-40.2263069152832,-44.213985443115234,-54.10663604736328,0.2699050307273865,0.06724372506141663,2404.9993210849793,2424.791645303156,19.72297402717338,14.255725522539457,16.06375202807611,35.79443762660854,0.044425442814826965,0.24177156388759613,1569.201950644427,0.040000000000000036
177,Hold the Line (Love Isn't Always on.wav,rock,235.98666666666668,95.703125,0.26564344746162927,0.8142463597009052,-43.44465637207031,-30.456661224365234,-37.472923278808594,-38.62055587768555,-42.67551040649414,-47.598167419433594,-55.08584213256836,0.17039678990840912,0.0720263421535492,2866.750425175463,2583.198107196597,21.558053326140527,14.68149700574744,17.493039816649873,34.40876470883782,0.05751289054751396,0.3701658546924591,2069.645047778926,0.06000000000000005
178,01 Hold On.wav,rock,226.18666666666667,89.10290948275862,0.5029768014781358,0.5599466228700473,-40.661678314208984,-27.289947509765625,-35.5535774230957,-41.54744338989258,-47.74094772338867,-55.61338424682617,-64.21372985839844,0.22575199604034424,0.09127436578273773,1875.3853853761602,2091.307532685772,23.049371244941327,16.50217173185952,17.972424291169304,39.36229932700113,0.01665373146533966,0.14866775274276733,1106.800451652638,0.040000000000000036
179,04 High Enough.wav,rock,285.9829931972789,161.4990234375,0.9417877729966712,0.24177965413655922,-41.51533508300781,-33.17599105834961,-38.432350158691406,-43.45144271850586,-46.810150146484375,-52.135562896728516,-62.77180099487305,0.13856638967990875,0.06959773600101471,2383.9122920462423,2297.305414166714,17.996818602899534,16.0765150695902,20.149291191999797,38.398089668359404,0.027104312554001808,0.2790043354034424,1674.5592525352408,0.06000000000000005
180,04 High Society.wav,rock,153.3496598639456,117.45383522727273,0.3633610900832702,0.7943981831945496,-38.656429290771484,-29.084392547607422,-36.477012634277344,-44.683074951171875,-47.62138366699219,-52.89385986328125,-63.294273376464844,0.24598205089569092,0.11883837729692459,2161.0576189638296,2215.464057622436,20.07748207350686,13.87185904451845,16.978884617004525,38.430616776391666,0.039890795946121216,0.24888306856155396,1420.0487283248958,0.07999999999999996
181,13 Girl You Have No Faith In Medicin.wav,rock,197.72,151.99908088235293,0.7632691404415218,0.39889619539689997,-41.67511749267578,-28.712421417236328,-33.37861251831055,-36.51839065551758,-37.244911193847656,-44.39175033569336,-52.18893814086914,0.23064187169075012,0.06413346529006958,3120.222433471792,2598.7269063053463,21.174295514794768,14.389763373313716,16.658898691325195,37.47696685172092,0.06458445638418198,0.2930395007133484,2461.8878767265296,0.32000000000000006
182,22 Forever Man.wav,rock,191.70666666666668,112.34714673913044,0.09688748940293085,0.9564006297686811,-45.644474029541016,-26.58319854736328,-30.340496063232422,-37.84670639038086,-41.46177291870117,-47.35028839111328,-55.891090393066406,0.2025105506181717,0.07981846481561661,2562.6936884786687,2495.972046360361,22.292220718204526,13.739840424841077,17.697879566269464,34.965564271651516,0.03782687708735466,0.2141982764005661,1742.2491959946863,0.050000000000000044
183,03 Fell on Black Days.wav,rock,282.4266666666667,103.359375,0.41104899704044723,0.6126274251890825,-47.360023498535156,-25.593297958374023,-36.79109573364258,-45.273193359375,-45.66648864746094,-52.12912368774414,-60.250221252441406,0.16016323864459991,0.05441824346780777,2350.1690365338072,2456.3815455969484,26.806087629552607,17.10049451461579,19.09465377232381,35.39910569483692,0.02306154929101467,0.2728275954723358,1513.7820553991285,0.07000000000000006
184,07 Eye to Eye.wav,rock,245.49333333333334,117.45383522727273,0.2837416059774898,0.7841672183864561,-37.53965759277344,-27.15659523010254,-31.777624130249023,-40.103759765625,-41.832244873046875,-47.767860412597656,-55.71561813354492,0.1351594626903534,0.037400711327791214,2610.5778705115763,2536.8478319818296,19.548499385882426,15.901767372965697,19.579251094129994,35.762835673067066,0.034398190677165985,0.28025299310684204,1823.5046738855754,0.030000000000000027
185,04 Expo '86.wav,rock,251.13333333333333,103.359375,0.33284023668639057,0.776719674556213,-47.048248291015625,-24.040332794189453,-35.10366439819336,-43.68773651123047,-48.99781036376953,-55.43019104003906,-62.40620422363281,0.2335309386253357,0.0796552523970604,1903.8560002236627,2184.7379348674685,26.57049480350409,16.95157831919586,18.840516292938528,37.676951442849415,0.014979230239987373,0.2256125956773758,1084.6634362576276,-0.010000000000000009
186,02 Everybody Wants Some!!.wav,rock,308.8666666666667,143.5546875,0.28567132761990677,0.8402495865283416,-52.17189025878906,-26.235990524291992,-34.19767379760742,-40.976402282714844,-48.03278350830078,-54.62653350830078,-63.83409881591797,0.19421282410621643,0.07208620756864548,1968.7157882984454,2120.77792298077,27.636493767072395,13.687563331573323,16.121184466027003,38.25854898105797,0.02314017526805401,0.24372614920139313,1202.272126606901,0.06000000000000005
187,02 Dirty Work.wav,rock,188.69333333333333,143.5546875,0.5783191829703458,0.6130183339485665,-50.4785270690918,-33.69218826293945,-36.272926330566406,-45.82972717285156,-55.79539489746094,-63.04905700683594,-67.9832992553711,0.1254642754793167,0.06011417135596275,1595.4163115745578,1874.5882181027268,24.5398363222831,17.994152561320874,22.30316289358464,41.68900243744552,0.015373066067695618,0.1029985323548317,889.2720067223837,0.08999999999999997
188,09 Elephant.wav,rock,211.22666666666666,123.046875,0.17588215895350115,0.9363526437287018,-27.141193389892578,-25.158845901489258,-31.033498764038086,-44.223941802978516,-50.513004302978516,-54.30808639526367,-62.8530387878418,0.32923832535743713,0.08338673412799835,1719.7868652612867,2214.776193302563,16.814619870961856,15.343583480985549,17.03827432432732,37.0001227005844,0.013945147395133972,0.19707900285720825,751.8986449001044,0.29000000000000004
189,04 Day Tripper.wav,rock,227.96,135.99917763157896,0.5092686901609289,0.6717254023222652,-44.710880279541016,-30.044647216796875,-34.76936721801758,-41.24861526489258,-45.95410919189453,-50.60225296020508,-59.11606216430664,0.2911708354949951,0.1365525871515274,2501.03533912695,2452.4336236687172,20.292742068359274,14.481069343530871,17.346345375976213,36.692711758330255,0.033123359084129333,0.36106252670288086,1642.082197259657,-0.09999999999999998
190,19 Comfortably Numb.wav,rock,384.04054421768706,129.19921875,0.36880290205562277,0.8517533252720677,-42.35572814941406,-30.719663619995117,-35.45107650756836,-45.785369873046875,-52.33375549316406,-58.04889678955078,-63.971832275390625,0.11615674942731857,0.04762043058872223,1986.718627423904,2364.941484043674,21.486563760373606,16.249588150385097,20.353790810136516,36.51272712773503,0.012633295729756355,0.20846892893314362,996.0056822475816,0.040000000000000036
191,01 Come Together.wav,rock,259.8666666666667,172.265625,0.4914224446032881,0.4152966404574696,-39.67405319213867,-27.785724639892578,-42.34077835083008,-51.345359802246094,-53.375587463378906,-56.184165954589844,-65.28265380859375,0.15621918439865112,0.05438975244760513,2005.4713579796867,2281.930429593082,23.723263227150955,15.205068711763115,17.557720902862602,37.49076701482675,0.01421645749360323,0.18559999763965607,1192.218344785896,0.040000000000000036
192,1-07 Can't Stop.wav,rock,269.3066666666667,92.28515625,0.4569359427536857,0.45176308302439866,-41.56620788574219,-28.56340217590332,-36.585304260253906,-40.643287658691406,-41.977813720703125,-47.145877838134766,-55.40761947631836,0.25793778896331787,0.07239464670419693,2816.38768667607,2520.028537104035,21.808155653188138,16.244820955766535,19.178672448106674,36.487656622106094,0.04443900287151337,0.32701051235198975,2126.686456250943,-0.03999999999999998
193,1-16 Bringin' On The Heartache.wav,rock,273.84,151.99908088235293,0.72070544344582,0.4104629472613193,-44.38459396362305,-28.116592407226562,-33.990562438964844,-39.11167907714844,-42.09162902832031,-47.996063232421875,-56.57004165649414,0.2150590568780899,0.05703930929303169,2606.9032415153806,2380.2565112681123,24.116333768852062,15.907449605243574,19.162619444296713,38.02936607510806,0.03903651610016823,0.30370643734931946,1910.8618130941845,0.15000000000000002
194,01 Blue Blood.wav,rock,316.88072562358275,129.19921875,0.19784568036931194,0.8950685132263501,-46.74485397338867,-34.79973220825195,-39.409332275390625,-48.12594985961914,-53.95293045043945,-61.38814163208008,-68.63225555419922,0.19836415350437164,0.11089495569467545,1670.7583454710903,1927.4703459399425,23.94180947769054,16.01677648970228,21.50392840377566,42.86136285674262,0.007888320833444595,0.1148974671959877,914.9694215074742,0.39
195,"07 Blue Morning, Blue Day.wav",rock,192.10666666666665,117.45383522727273,0.43509789702683105,0.5239303843364757,-43.879451751708984,-30.310653686523438,-34.04579162597656,-40.74854278564453,-44.7556266784668,-50.74774932861328,-59.56526184082031,0.266316682100296,0.09089421480894089,2428.621639982406,2404.0774386865924,21.540336685643084,15.508843537745607,19.200997980867733,36.88240596125757,0.03462604060769081,0.2538744807243347,1625.4939819955584,0.06000000000000005
196,07 Basket Case.wav,rock,181.53333333333333,117.45383522727273,0.5628037861345613,0.32322844717319005,-49.14170455932617,-25.215307235717773,-32.74153518676758,-38.395992279052734,-41.066810607910156,-46.745426177978516,-57.394779205322266,0.251118928194046,0.09303843975067139,2487.412111386177,2330.0436373496927,27.06174679024457,15.375567327125587,17.516842725856584,36.320136472087135,0.03651393577456474,0.3065728545188904,1845.8593337790196,0.06000000000000005
197,14 Beast of Burden.wav,rock,209.36,99.38401442307692,0.3770655428634801,0.5492957746478874,-44.896541595458984,-32.021522521972656,-36.47361373901367,-46.1065559387207,-49.75794982910156,-54.878047943115234,-62.17219543457031,0.11988869309425354,0.05659513548016548,2238.3619773724527,2360.1693028184045,24.205974166275574,16.61184821552612,19.511484374674648,37.37965878175509,0.034099504351615906,0.2570364773273468,1406.1227013904293,0.06000000000000005
198,05 Another One Bites The Dust.wav,rock,219.68,112.34714673913044,0.6447521403657118,0.5413804037628158,-37.32168197631836,-33.958038330078125,-41.231834411621094,-48.48344802856445,-52.41062927246094,-58.34810256958008,-63.599998474121094,0.061842869967222214,0.040985871106386185,2351.7684563998105,2346.3021928676894,16.093999443909492,14.161689758020833,16.220953276068226,35.505467435831015,0.0528542585670948,0.38676416873931885,1615.8755970233062,-0.4
199,06 Alone.wav,rock,219.30666666666667,89.10290948275862,0.46585494970884067,0.7432503970354685,-54.19887924194336,-36.87831497192383,-36.82432556152344,-43.130069732666016,-49.20145797729492,-54.391334533691406,-62.32276916503906,0.1522771269083023,0.07931947708129883,2321.0057210754244,2251.431682284155,23.519262439591024,17.232634201022115,21.707701033197093,40.40403332638366,0.02770850993692875,0.25185108184814453,1527.3732381551085,0.040000000000000036
